"Kind","Agent_Id","Queue_Id","Stream_Id","Thread_Id","Dispatch_Id","Kernel_Id","Kernel_Name","Correlation_Id","Start_Timestamp","End_Timestamp","LDS_Block_Size","Scratch_Size","VGPR_Count","Accum_VGPR_Count","SGPR_Count","Workgroup_Size_X","Workgroup_Size_Y","Workgroup_Size_Z","Grid_Size_X","Grid_Size_Y","Grid_Size_Z"
"KERNEL_DISPATCH","Agent 2",1,0,4057937,1,26,"k_linear_f32(float const*, float const*, float*, int, int, int, int)",26,695615075614227,695615075630827,0,0,16,0,128,16,16,1,64,128,1
"KERNEL_DISPATCH","Agent 2",1,0,4057937,2,26,"k_linear_f32(float const*, float const*, float*, int, int, int, int)",34,695615075836668,695615075852948,0,0,16,0,128,16,16,1,64,128,1
"KERNEL_DISPATCH","Agent 2",1,0,4057937,3,26,"k_linear_f32(float const*, float const*, float*, int, int, int, int)",42,695615076039469,695615076055749,0,0,16,0,128,16,16,1,64,128,1
"KERNEL_DISPATCH","Agent 2",1,0,4057937,4,26,"k_linear_f32(float const*, float const*, float*, int, int, int, int)",50,695615076242590,695615076258830,0,0,16,0,128,16,16,1,64,128,1
"KERNEL_DISPATCH","Agent 2",1,0,4057937,5,5,"__amd_rocclr_copyBuffer",55,695615076408790,695615076411630,0,0,16,0,128,512,1,1,512,1,1
"KERNEL_DISPATCH","Agent 2",1,0,4057937,6,26,"k_linear_f32(float const*, float const*, float*, int, int, int, int)",58,695615076433910,695615076438790,0,0,16,0,128,16,16,1,16,128,1
"KERNEL_DISPATCH","Agent 2",1,0,4057937,7,5,"__amd_rocclr_copyBuffer",60,695615076442190,695615076444190,0,0,16,0,128,512,1,1,512,1,1
"KERNEL_DISPATCH","Agent 2",1,0,4057937,8,5,"__amd_rocclr_copyBuffer",62,695615076482471,695615076485071,0,0,16,0,128,512,1,1,512,1,1
"KERNEL_DISPATCH","Agent 2",1,0,4057937,9,5,"__amd_rocclr_copyBuffer",63,695615076506471,695615076509191,0,0,16,0,128,512,1,1,512,1,1
"KERNEL_DISPATCH","Agent 2",1,0,4057937,10,26,"k_linear_f32(float const*, float const*, float*, int, int, int, int)",66,695615076532111,695615076534031,0,0,16,0,128,16,16,1,64,128,1
"KERNEL_DISPATCH","Agent 2",1,0,4057937,11,5,"__amd_rocclr_copyBuffer",71,695615076605511,695615076608231,0,0,16,0,128,512,1,1,1024,1,1
"KERNEL_DISPATCH","Agent 2",1,0,4057937,12,26,"k_linear_f32(float const*, float const*, float*, int, int, int, int)",74,695615076631271,695615076634991,0,0,16,0,128,16,16,1,64,128,1
"KERNEL_DISPATCH","Agent 2",1,0,4057937,13,5,"__amd_rocclr_copyBuffer",79,695615076699831,695615076702671,0,0,16,0,128,512,1,1,1024,1,1
"KERNEL_DISPATCH","Agent 2",1,0,4057937,14,26,"k_linear_f32(float const*, float const*, float*, int, int, int, int)",82,695615076725311,695615076729071,0,0,16,0,128,16,16,1,64,128,1
"KERNEL_DISPATCH","Agent 2",1,0,4057937,15,5,"__amd_rocclr_copyBuffer",87,695615076795072,695615076797872,0,0,16,0,128,512,1,1,1024,1,1
"KERNEL_DISPATCH","Agent 2",1,0,4057937,16,26,"k_linear_f32(float const*, float const*, float*, int, int, int, int)",90,695615076820952,695615076824632,0,0,16,0,128,16,16,1,64,128,1
"KERNEL_DISPATCH","Agent 2",1,0,4057937,17,5,"__amd_rocclr_copyBuffer",94,695615076868632,695615076870912,0,0,16,0,128,512,1,1,512,1,1
"KERNEL_DISPATCH","Agent 2",1,0,4057937,18,5,"__amd_rocclr_copyBuffer",96,695615076919312,695615076921672,0,0,16,0,128,512,1,1,512,1,1
"KERNEL_DISPATCH","Agent 2",1,0,4057937,19,24,"k_sgd_f32(float*, float const*, float const*, int, int, int, int, float)",99,695615076945712,695615076967472,0,0,16,0,128,16,16,1,80,16,1
"KERNEL_DISPATCH","Agent 2",1,0,4057937,20,5,"__amd_rocclr_copyBuffer",101,695615076970992,695615076972712,0,0,16,0,128,512,1,1,512,1,1
"KERNEL_DISPATCH","Agent 2",1,0,4057937,21,24,"k_sgd_f32(float*, float const*, float const*, int, int, int, int, float)",110,695615077184513,695615077265994,0,0,16,0,128,16,16,1,224,64,1
"KERNEL_DISPATCH","Agent 2",1,0,4057937,22,26,"k_linear_f32(float const*, float const*, float*, int, int, int, int)",118,695615077363954,695615077380434,0,0,16,0,128,16,16,1,64,128,1
"KERNEL_DISPATCH","Agent 2",1,0,4057937,23,26,"k_linear_f32(float const*, float const*, float*, int, int, int, int)",126,695615077570755,695615077587795,0,0,16,0,128,16,16,1,64,128,1
"KERNEL_DISPATCH","Agent 2",1,0,4057937,24,26,"k_linear_f32(float const*, float const*, float*, int, int, int, int)",134,695615077766716,695615077783276,0,0,16,0,128,16,16,1,64,128,1
"KERNEL_DISPATCH","Agent 2",1,0,4057937,25,26,"k_linear_f32(float const*, float const*, float*, int, int, int, int)",142,695615077963436,695615077979996,0,0,16,0,128,16,16,1,64,128,1
"KERNEL_DISPATCH","Agent 2",1,0,4057937,26,5,"__amd_rocclr_copyBuffer",147,695615078138877,695615078141277,0,0,16,0,128,512,1,1,512,1,1
"KERNEL_DISPATCH","Agent 2",1,0,4057937,27,26,"k_linear_f32(float const*, float const*, float*, int, int, int, int)",150,695615078164637,695615078169477,0,0,16,0,128,16,16,1,16,128,1
"KERNEL_DISPATCH","Agent 2",1,0,4057937,28,5,"__amd_rocclr_copyBuffer",152,695615078172957,695615078174837,0,0,16,0,128,512,1,1,512,1,1
"KERNEL_DISPATCH","Agent 2",1,0,4057937,29,5,"__amd_rocclr_copyBuffer",154,695615078207077,695615078209797,0,0,16,0,128,512,1,1,512,1,1
"KERNEL_DISPATCH","Agent 2",1,0,4057937,30,5,"__amd_rocclr_copyBuffer",155,695615078231997,695615078235077,0,0,16,0,128,512,1,1,512,1,1
"KERNEL_DISPATCH","Agent 2",1,0,4057937,31,26,"k_linear_f32(float const*, float const*, float*, int, int, int, int)",158,695615078258797,695615078260757,0,0,16,0,128,16,16,1,64,128,1
"KERNEL_DISPATCH","Agent 2",1,0,4057937,32,5,"__amd_rocclr_copyBuffer",163,695615078320998,695615078323718,0,0,16,0,128,512,1,1,1024,1,1
"KERNEL_DISPATCH","Agent 2",1,0,4057937,33,26,"k_linear_f32(float const*, float const*, float*, int, int, int, int)",166,695615078347798,695615078351558,0,0,16,0,128,16,16,1,64,128,1
"KERNEL_DISPATCH","Agent 2",1,0,4057937,34,5,"__amd_rocclr_copyBuffer",171,695615078412136,695615078415016,0,0,16,0,128,512,1,1,1024,1,1
"KERNEL_DISPATCH","Agent 2",1,0,4057937,35,26,"k_linear_f32(float const*, float const*, float*, int, int, int, int)",174,695615078437696,695615078441456,0,0,16,0,128,16,16,1,64,128,1
"KERNEL_DISPATCH","Agent 2",1,0,4057937,36,5,"__amd_rocclr_copyBuffer",179,695615078502977,695615078505617,0,0,16,0,128,512,1,1,1024,1,1
"KERNEL_DISPATCH","Agent 2",1,0,4057937,37,26,"k_linear_f32(float const*, float const*, float*, int, int, int, int)",182,695615078528417,695615078532137,0,0,16,0,128,16,16,1,64,128,1
"KERNEL_DISPATCH","Agent 2",1,0,4057937,38,5,"__amd_rocclr_copyBuffer",186,695615078573658,695615078576418,0,0,16,0,128,512,1,1,512,1,1
"KERNEL_DISPATCH","Agent 2",1,0,4057937,39,5,"__amd_rocclr_copyBuffer",188,695615078627218,695615078630138,0,0,16,0,128,512,1,1,512,1,1
"KERNEL_DISPATCH","Agent 2",1,0,4057937,40,24,"k_sgd_f32(float*, float const*, float const*, int, int, int, int, float)",191,695615078652219,695615078674059,0,0,16,0,128,16,16,1,80,16,1
"KERNEL_DISPATCH","Agent 2",1,0,4057937,41,5,"__amd_rocclr_copyBuffer",193,695615078677579,695615078679219,0,0,16,0,128,512,1,1,512,1,1
"KERNEL_DISPATCH","Agent 2",1,0,4057937,42,24,"k_sgd_f32(float*, float const*, float const*, int, int, int, int, float)",200,695615078800341,695615078882542,0,0,16,0,128,16,16,1,224,64,1
"KERNEL_DISPATCH","Agent 2",1,0,4057937,43,26,"k_linear_f32(float const*, float const*, float*, int, int, int, int)",208,695615078974903,695615078991144,0,0,16,0,128,16,16,1,64,128,1
"KERNEL_DISPATCH","Agent 2",1,0,4057937,44,26,"k_linear_f32(float const*, float const*, float*, int, int, int, int)",216,695615079184426,695615079200747,0,0,16,0,128,16,16,1,64,128,1
"KERNEL_DISPATCH","Agent 2",1,0,4057937,45,26,"k_linear_f32(float const*, float const*, float*, int, int, int, int)",224,695615079378109,695615079394589,0,0,16,0,128,16,16,1,64,128,1
"KERNEL_DISPATCH","Agent 2",1,0,4057937,46,26,"k_linear_f32(float const*, float const*, float*, int, int, int, int)",232,695615079585632,695615079602512,0,0,16,0,128,16,16,1,64,128,1
"KERNEL_DISPATCH","Agent 2",1,0,4057937,47,5,"__amd_rocclr_copyBuffer",237,695615079741754,695615079744474,0,0,16,0,128,512,1,1,512,1,1
"KERNEL_DISPATCH","Agent 2",1,0,4057937,48,26,"k_linear_f32(float const*, float const*, float*, int, int, int, int)",240,695615079767155,695615079771955,0,0,16,0,128,16,16,1,16,128,1
"KERNEL_DISPATCH","Agent 2",1,0,4057937,49,5,"__amd_rocclr_copyBuffer",242,695615079775795,695615079777475,0,0,16,0,128,512,1,1,512,1,1
"KERNEL_DISPATCH","Agent 2",1,0,4057937,50,5,"__amd_rocclr_copyBuffer",244,695615079809995,695615079812275,0,0,16,0,128,512,1,1,512,1,1
"KERNEL_DISPATCH","Agent 2",1,0,4057937,51,5,"__amd_rocclr_copyBuffer",245,695615079833876,695615079835956,0,0,16,0,128,512,1,1,512,1,1
"KERNEL_DISPATCH","Agent 2",1,0,4057937,52,26,"k_linear_f32(float const*, float const*, float*, int, int, int, int)",248,695615079858556,695615079860476,0,0,16,0,128,16,16,1,64,128,1
"KERNEL_DISPATCH","Agent 2",1,0,4057937,53,5,"__amd_rocclr_copyBuffer",253,695615079920197,695615079922637,0,0,16,0,128,512,1,1,1024,1,1
"KERNEL_DISPATCH","Agent 2",1,0,4057937,54,26,"k_linear_f32(float const*, float const*, float*, int, int, int, int)",256,695615079944837,695615079948677,0,0,16,0,128,16,16,1,64,128,1
"KERNEL_DISPATCH","Agent 2",1,0,4057937,55,5,"__amd_rocclr_copyBuffer",261,695615080008918,695615080011718,0,0,16,0,128,512,1,1,1024,1,1
"KERNEL_DISPATCH","Agent 2",1,0,4057937,56,26,"k_linear_f32(float const*, float const*, float*, int, int, int, int)",264,695615080033798,695615080037598,0,0,16,0,128,16,16,1,64,128,1
"KERNEL_DISPATCH","Agent 2",1,0,4057937,57,5,"__amd_rocclr_copyBuffer",269,695615080098119,695615080100839,0,0,16,0,128,512,1,1,1024,1,1
"KERNEL_DISPATCH","Agent 2",1,0,4057937,58,26,"k_linear_f32(float const*, float const*, float*, int, int, int, int)",272,695615080123560,695615080127280,0,0,16,0,128,16,16,1,64,128,1
"KERNEL_DISPATCH","Agent 2",1,0,4057937,59,5,"__amd_rocclr_copyBuffer",276,695615080170920,695615080173240,0,0,16,0,128,512,1,1,512,1,1
"KERNEL_DISPATCH","Agent 2",1,0,4057937,60,5,"__amd_rocclr_copyBuffer",278,695615080222441,695615080225281,0,0,16,0,128,512,1,1,512,1,1
"KERNEL_DISPATCH","Agent 2",1,0,4057937,61,24,"k_sgd_f32(float*, float const*, float const*, int, int, int, int, float)",281,695615080247841,695615080269602,0,0,16,0,128,16,16,1,80,16,1
"KERNEL_DISPATCH","Agent 2",1,0,4057937,62,5,"__amd_rocclr_copyBuffer",283,695615080273162,695615080275122,0,0,16,0,128,512,1,1,512,1,1
"KERNEL_DISPATCH","Agent 2",1,0,4057937,63,24,"k_sgd_f32(float*, float const*, float const*, int, int, int, int, float)",290,695615080390603,695615080473005,0,0,16,0,128,16,16,1,224,64,1
"KERNEL_DISPATCH","Agent 2",1,0,4057937,64,26,"k_linear_f32(float const*, float const*, float*, int, int, int, int)",298,695615080563726,695615080580246,0,0,16,0,128,16,16,1,64,128,1
"KERNEL_DISPATCH","Agent 2",1,0,4057937,65,26,"k_linear_f32(float const*, float const*, float*, int, int, int, int)",306,695615080746848,695615080763129,0,0,16,0,128,16,16,1,64,128,1
"KERNEL_DISPATCH","Agent 2",1,0,4057937,66,26,"k_linear_f32(float const*, float const*, float*, int, int, int, int)",314,695615080928851,695615080945131,0,0,16,0,128,16,16,1,64,128,1
"KERNEL_DISPATCH","Agent 2",1,0,4057937,67,26,"k_linear_f32(float const*, float const*, float*, int, int, int, int)",322,695615081112134,695615081128494,0,0,16,0,128,16,16,1,64,128,1
"KERNEL_DISPATCH","Agent 2",1,0,4057937,68,5,"__amd_rocclr_copyBuffer",327,695615081258456,695615081260696,0,0,16,0,128,512,1,1,512,1,1
"KERNEL_DISPATCH","Agent 2",1,0,4057937,69,26,"k_linear_f32(float const*, float const*, float*, int, int, int, int)",330,695615081282656,695615081287416,0,0,16,0,128,16,16,1,16,128,1
"KERNEL_DISPATCH","Agent 2",1,0,4057937,70,5,"__amd_rocclr_copyBuffer",332,695615081290936,695615081292576,0,0,16,0,128,512,1,1,512,1,1
"KERNEL_DISPATCH","Agent 2",1,0,4057937,71,5,"__amd_rocclr_copyBuffer",334,695615081323177,695615081325377,0,0,16,0,128,512,1,1,512,1,1
"KERNEL_DISPATCH","Agent 2",1,0,4057937,72,5,"__amd_rocclr_copyBuffer",335,695615081346617,695615081348697,0,0,16,0,128,512,1,1,512,1,1
"KERNEL_DISPATCH","Agent 2",1,0,4057937,73,26,"k_linear_f32(float const*, float const*, float*, int, int, int, int)",338,695615081371097,695615081373017,0,0,16,0,128,16,16,1,64,128,1
"KERNEL_DISPATCH","Agent 2",1,0,4057937,74,5,"__amd_rocclr_copyBuffer",343,695615081433498,695615081436258,0,0,16,0,128,512,1,1,1024,1,1
"KERNEL_DISPATCH","Agent 2",1,0,4057937,75,26,"k_linear_f32(float const*, float const*, float*, int, int, int, int)",346,695615081459258,695615081462979,0,0,16,0,128,16,16,1,64,128,1
"KERNEL_DISPATCH","Agent 2",1,0,4057937,76,5,"__amd_rocclr_copyBuffer",351,695615081531580,695615081534020,0,0,16,0,128,512,1,1,1024,1,1
"KERNEL_DISPATCH","Agent 2",1,0,4057937,77,26,"k_linear_f32(float const*, float const*, float*, int, int, int, int)",354,695615082024746,695615082028667,0,0,16,0,128,16,16,1,64,128,1
"KERNEL_DISPATCH","Agent 2",1,0,4057937,78,5,"__amd_rocclr_copyBuffer",359,695615082114988,695615082117628,0,0,16,0,128,512,1,1,1024,1,1
"KERNEL_DISPATCH","Agent 2",1,0,4057937,79,26,"k_linear_f32(float const*, float const*, float*, int, int, int, int)",362,695615082139908,695615082143708,0,0,16,0,128,16,16,1,64,128,1
"KERNEL_DISPATCH","Agent 2",1,0,4057937,80,5,"__amd_rocclr_copyBuffer",366,695615082194389,695615082196629,0,0,16,0,128,512,1,1,512,1,1
"KERNEL_DISPATCH","Agent 2",1,0,4057937,81,5,"__amd_rocclr_copyBuffer",368,695615082249990,695615082252270,0,0,16,0,128,512,1,1,512,1,1
"KERNEL_DISPATCH","Agent 2",1,0,4057937,82,24,"k_sgd_f32(float*, float const*, float const*, int, int, int, int, float)",371,695615082275390,695615082299590,0,0,16,0,128,16,16,1,80,16,1
"KERNEL_DISPATCH","Agent 2",1,0,4057937,83,5,"__amd_rocclr_copyBuffer",373,695615082303310,695615082304990,0,0,16,0,128,512,1,1,512,1,1
"KERNEL_DISPATCH","Agent 2",1,0,4057937,84,24,"k_sgd_f32(float*, float const*, float const*, int, int, int, int, float)",380,695615082434352,695615082524554,0,0,16,0,128,16,16,1,224,64,1
"KERNEL_DISPATCH","Agent 2",1,0,4057937,85,26,"k_linear_f32(float const*, float const*, float*, int, int, int, int)",388,695615082621915,695615082638275,0,0,16,0,128,16,16,1,64,128,1
"KERNEL_DISPATCH","Agent 2",1,0,4057937,86,26,"k_linear_f32(float const*, float const*, float*, int, int, int, int)",396,695615082795399,695615082812119,0,0,16,0,128,16,16,1,64,128,1
"KERNEL_DISPATCH","Agent 2",1,0,4057937,87,26,"k_linear_f32(float const*, float const*, float*, int, int, int, int)",404,695615082968000,695615082984720,0,0,16,0,128,16,16,1,64,128,1
"KERNEL_DISPATCH","Agent 2",1,0,4057937,88,26,"k_linear_f32(float const*, float const*, float*, int, int, int, int)",412,695615083202962,695615083219402,0,0,16,0,128,16,16,1,64,128,1
"KERNEL_DISPATCH","Agent 2",1,0,4057937,89,5,"__amd_rocclr_copyBuffer",417,695615083368763,695615083371443,0,0,16,0,128,512,1,1,512,1,1
"KERNEL_DISPATCH","Agent 2",1,0,4057937,90,26,"k_linear_f32(float const*, float const*, float*, int, int, int, int)",420,695615083392403,695615083397203,0,0,16,0,128,16,16,1,16,128,1
"KERNEL_DISPATCH","Agent 2",1,0,4057937,91,5,"__amd_rocclr_copyBuffer",422,695615083400723,695615083402363,0,0,16,0,128,512,1,1,512,1,1
"KERNEL_DISPATCH","Agent 2",1,0,4057937,92,5,"__amd_rocclr_copyBuffer",424,695615083431163,695615083433963,0,0,16,0,128,512,1,1,512,1,1
"KERNEL_DISPATCH","Agent 2",1,0,4057937,93,5,"__amd_rocclr_copyBuffer",425,695615083454603,695615083457323,0,0,16,0,128,512,1,1,512,1,1
"KERNEL_DISPATCH","Agent 2",1,0,4057937,94,26,"k_linear_f32(float const*, float const*, float*, int, int, int, int)",428,695615083477883,695615083480243,0,0,16,0,128,16,16,1,64,128,1
"KERNEL_DISPATCH","Agent 2",1,0,4057937,95,5,"__amd_rocclr_copyBuffer",433,695615083545724,695615083548284,0,0,16,0,128,512,1,1,1024,1,1
"KERNEL_DISPATCH","Agent 2",1,0,4057937,96,26,"k_linear_f32(float const*, float const*, float*, int, int, int, int)",436,695615083570084,695615083573844,0,0,16,0,128,16,16,1,64,128,1
"KERNEL_DISPATCH","Agent 2",1,0,4057937,97,5,"__amd_rocclr_copyBuffer",441,695615083628004,695615083630484,0,0,16,0,128,512,1,1,1024,1,1
"KERNEL_DISPATCH","Agent 2",1,0,4057937,98,26,"k_linear_f32(float const*, float const*, float*, int, int, int, int)",444,695615083650965,695615083654725,0,0,16,0,128,16,16,1,64,128,1
"KERNEL_DISPATCH","Agent 2",1,0,4057937,99,5,"__amd_rocclr_copyBuffer",449,695615083712005,695615083715125,0,0,16,0,128,512,1,1,1024,1,1
"KERNEL_DISPATCH","Agent 2",1,0,4057937,100,26,"k_linear_f32(float const*, float const*, float*, int, int, int, int)",452,695615083735645,695615083739645,0,0,16,0,128,16,16,1,64,128,1
"KERNEL_DISPATCH","Agent 2",1,0,4057937,101,5,"__amd_rocclr_copyBuffer",456,695615083775805,695615083778045,0,0,16,0,128,512,1,1,512,1,1
"KERNEL_DISPATCH","Agent 2",1,0,4057937,102,5,"__amd_rocclr_copyBuffer",458,695615083823566,695615083825886,0,0,16,0,128,512,1,1,512,1,1
"KERNEL_DISPATCH","Agent 2",1,0,4057937,103,24,"k_sgd_f32(float*, float const*, float const*, int, int, int, int, float)",461,695615083845926,695615083867886,0,0,16,0,128,16,16,1,80,16,1
"KERNEL_DISPATCH","Agent 2",1,0,4057937,104,5,"__amd_rocclr_copyBuffer",463,695615083871206,695615083872766,0,0,16,0,128,512,1,1,512,1,1
"KERNEL_DISPATCH","Agent 2",1,0,4057937,105,24,"k_sgd_f32(float*, float const*, float const*, int, int, int, int, float)",470,695615083980127,695615084062807,0,0,16,0,128,16,16,1,224,64,1
"KERNEL_DISPATCH","Agent 2",1,0,4057937,106,26,"k_linear_f32(float const*, float const*, float*, int, int, int, int)",478,695615084143368,695615084159768,0,0,16,0,128,16,16,1,64,128,1
"KERNEL_DISPATCH","Agent 2",1,0,4057937,107,26,"k_linear_f32(float const*, float const*, float*, int, int, int, int)",486,695615084340129,695615084356609,0,0,16,0,128,16,16,1,64,128,1
"KERNEL_DISPATCH","Agent 2",1,0,4057937,108,26,"k_linear_f32(float const*, float const*, float*, int, int, int, int)",494,695615084532891,695615084549291,0,0,16,0,128,16,16,1,64,128,1
"KERNEL_DISPATCH","Agent 2",1,0,4057937,109,26,"k_linear_f32(float const*, float const*, float*, int, int, int, int)",502,695615084725012,695615084741492,0,0,16,0,128,16,16,1,64,128,1
"KERNEL_DISPATCH","Agent 2",1,0,4057937,110,5,"__amd_rocclr_copyBuffer",507,695615084893053,695615084895413,0,0,16,0,128,512,1,1,512,1,1
"KERNEL_DISPATCH","Agent 2",1,0,4057937,111,26,"k_linear_f32(float const*, float const*, float*, int, int, int, int)",510,695615084915613,695615084920373,0,0,16,0,128,16,16,1,16,128,1
"KERNEL_DISPATCH","Agent 2",1,0,4057937,112,5,"__amd_rocclr_copyBuffer",512,695615084923813,695615084925493,0,0,16,0,128,512,1,1,512,1,1
"KERNEL_DISPATCH","Agent 2",1,0,4057937,113,5,"__amd_rocclr_copyBuffer",514,695615084956213,695615084958974,0,0,16,0,128,512,1,1,512,1,1
"KERNEL_DISPATCH","Agent 2",1,0,4057937,114,5,"__amd_rocclr_copyBuffer",515,695615084979534,695615084982174,0,0,16,0,128,512,1,1,512,1,1
"KERNEL_DISPATCH","Agent 2",1,0,4057937,115,26,"k_linear_f32(float const*, float const*, float*, int, int, int, int)",518,695615085003174,695615085005094,0,0,16,0,128,16,16,1,64,128,1
"KERNEL_DISPATCH","Agent 2",1,0,4057937,116,5,"__amd_rocclr_copyBuffer",523,695615085061414,695615085064414,0,0,16,0,128,512,1,1,1024,1,1
"KERNEL_DISPATCH","Agent 2",1,0,4057937,117,26,"k_linear_f32(float const*, float const*, float*, int, int, int, int)",526,695615085085094,695615085088894,0,0,16,0,128,16,16,1,64,128,1
"KERNEL_DISPATCH","Agent 2",1,0,4057937,118,5,"__amd_rocclr_copyBuffer",531,695615085143375,695615085146095,0,0,16,0,128,512,1,1,1024,1,1
"KERNEL_DISPATCH","Agent 2",1,0,4057937,119,26,"k_linear_f32(float const*, float const*, float*, int, int, int, int)",534,695615085166935,695615085170775,0,0,16,0,128,16,16,1,64,128,1
"KERNEL_DISPATCH","Agent 2",1,0,4057937,120,5,"__amd_rocclr_copyBuffer",539,695615085226575,695615085229215,0,0,16,0,128,512,1,1,1024,1,1
"KERNEL_DISPATCH","Agent 2",1,0,4057937,121,26,"k_linear_f32(float const*, float const*, float*, int, int, int, int)",542,695615085250016,695615085253736,0,0,16,0,128,16,16,1,64,128,1
"KERNEL_DISPATCH","Agent 2",1,0,4057937,122,5,"__amd_rocclr_copyBuffer",546,695615085289936,695615085292256,0,0,16,0,128,512,1,1,512,1,1
"KERNEL_DISPATCH","Agent 2",1,0,4057937,123,5,"__amd_rocclr_copyBuffer",548,695615085336856,695615085339176,0,0,16,0,128,512,1,1,512,1,1
"KERNEL_DISPATCH","Agent 2",1,0,4057937,124,24,"k_sgd_f32(float*, float const*, float const*, int, int, int, int, float)",551,695615085367096,695615085388616,0,0,16,0,128,16,16,1,80,16,1
"KERNEL_DISPATCH","Agent 2",1,0,4057937,125,5,"__amd_rocclr_copyBuffer",553,695615085391976,695615085393536,0,0,16,0,128,512,1,1,512,1,1
"KERNEL_DISPATCH","Agent 2",1,0,4057937,126,24,"k_sgd_f32(float*, float const*, float const*, int, int, int, int, float)",560,695615085499617,695615085581298,0,0,16,0,128,16,16,1,224,64,1
"KERNEL_DISPATCH","Agent 2",1,0,4057937,127,26,"k_linear_f32(float const*, float const*, float*, int, int, int, int)",568,695615085662218,695615085678698,0,0,16,0,128,16,16,1,64,128,1
"KERNEL_DISPATCH","Agent 2",1,0,4057937,128,26,"k_linear_f32(float const*, float const*, float*, int, int, int, int)",576,695615085862820,695615085879340,0,0,16,0,128,16,16,1,64,128,1
"KERNEL_DISPATCH","Agent 2",1,0,4057937,129,26,"k_linear_f32(float const*, float const*, float*, int, int, int, int)",584,695615086051061,695615086067501,0,0,16,0,128,16,16,1,64,128,1
"KERNEL_DISPATCH","Agent 2",1,0,4057937,130,26,"k_linear_f32(float const*, float const*, float*, int, int, int, int)",592,695615086246062,695615086262542,0,0,16,0,128,16,16,1,64,128,1
"KERNEL_DISPATCH","Agent 2",1,0,4057937,131,5,"__amd_rocclr_copyBuffer",597,695615086408303,695615086410343,0,0,16,0,128,512,1,1,512,1,1
"KERNEL_DISPATCH","Agent 2",1,0,4057937,132,26,"k_linear_f32(float const*, float const*, float*, int, int, int, int)",600,695615086430624,695615086435424,0,0,16,0,128,16,16,1,16,128,1
"KERNEL_DISPATCH","Agent 2",1,0,4057937,133,5,"__amd_rocclr_copyBuffer",602,695615086438824,695615086440504,0,0,16,0,128,512,1,1,512,1,1
"KERNEL_DISPATCH","Agent 2",1,0,4057937,134,5,"__amd_rocclr_copyBuffer",604,695615086469504,695615086472144,0,0,16,0,128,512,1,1,512,1,1
"KERNEL_DISPATCH","Agent 2",1,0,4057937,135,5,"__amd_rocclr_copyBuffer",605,695615086491744,695615086493824,0,0,16,0,128,512,1,1,512,1,1
"KERNEL_DISPATCH","Agent 2",1,0,4057937,136,26,"k_linear_f32(float const*, float const*, float*, int, int, int, int)",608,695615086514624,695615086516584,0,0,16,0,128,16,16,1,64,128,1
"KERNEL_DISPATCH","Agent 2",1,0,4057937,137,5,"__amd_rocclr_copyBuffer",613,695615086578585,695615086581545,0,0,16,0,128,512,1,1,1024,1,1
"KERNEL_DISPATCH","Agent 2",1,0,4057937,138,26,"k_linear_f32(float const*, float const*, float*, int, int, int, int)",616,695615086602185,695615086606025,0,0,16,0,128,16,16,1,64,128,1
"KERNEL_DISPATCH","Agent 2",1,0,4057937,139,5,"__amd_rocclr_copyBuffer",621,695615086659785,695615086662185,0,0,16,0,128,512,1,1,1024,1,1
"KERNEL_DISPATCH","Agent 2",1,0,4057937,140,26,"k_linear_f32(float const*, float const*, float*, int, int, int, int)",624,695615086682345,695615086686105,0,0,16,0,128,16,16,1,64,128,1
"KERNEL_DISPATCH","Agent 2",1,0,4057937,141,5,"__amd_rocclr_copyBuffer",629,695615086740826,695615086743466,0,0,16,0,128,512,1,1,1024,1,1
"KERNEL_DISPATCH","Agent 2",1,0,4057937,142,26,"k_linear_f32(float const*, float const*, float*, int, int, int, int)",632,695615086764226,695615086768026,0,0,16,0,128,16,16,1,64,128,1
"KERNEL_DISPATCH","Agent 2",1,0,4057937,143,5,"__amd_rocclr_copyBuffer",636,695615086804186,695615086806226,0,0,16,0,128,512,1,1,512,1,1
"KERNEL_DISPATCH","Agent 2",1,0,4057937,144,5,"__amd_rocclr_copyBuffer",638,695615086851746,695615086854066,0,0,16,0,128,512,1,1,512,1,1
"KERNEL_DISPATCH","Agent 2",1,0,4057937,145,24,"k_sgd_f32(float*, float const*, float const*, int, int, int, int, float)",641,695615086875187,695615086897267,0,0,16,0,128,16,16,1,80,16,1
"KERNEL_DISPATCH","Agent 2",1,0,4057937,146,5,"__amd_rocclr_copyBuffer",643,695615086900707,695615086902227,0,0,16,0,128,512,1,1,512,1,1
"KERNEL_DISPATCH","Agent 2",1,0,4057937,147,24,"k_sgd_f32(float*, float const*, float const*, int, int, int, int, float)",650,695615087007628,695615087090188,0,0,16,0,128,16,16,1,224,64,1
"KERNEL_DISPATCH","Agent 2",1,0,4057937,148,26,"k_linear_f32(float const*, float const*, float*, int, int, int, int)",658,695615087171349,695615087188069,0,0,16,0,128,16,16,1,64,128,1
"KERNEL_DISPATCH","Agent 2",1,0,4057937,149,26,"k_linear_f32(float const*, float const*, float*, int, int, int, int)",666,695615087367750,695615087384150,0,0,16,0,128,16,16,1,64,128,1
"KERNEL_DISPATCH","Agent 2",1,0,4057937,150,26,"k_linear_f32(float const*, float const*, float*, int, int, int, int)",674,695615087561591,695615087578071,0,0,16,0,128,16,16,1,64,128,1
"KERNEL_DISPATCH","Agent 2",1,0,4057937,151,26,"k_linear_f32(float const*, float const*, float*, int, int, int, int)",682,695615087755313,695615087771833,0,0,16,0,128,16,16,1,64,128,1
"KERNEL_DISPATCH","Agent 2",1,0,4057937,152,5,"__amd_rocclr_copyBuffer",687,695615087926394,695615087928474,0,0,16,0,128,512,1,1,512,1,1
"KERNEL_DISPATCH","Agent 2",1,0,4057937,153,26,"k_linear_f32(float const*, float const*, float*, int, int, int, int)",690,695615087950314,695615087955154,0,0,16,0,128,16,16,1,16,128,1
"KERNEL_DISPATCH","Agent 2",1,0,4057937,154,5,"__amd_rocclr_copyBuffer",692,695615087958994,695615087960634,0,0,16,0,128,512,1,1,512,1,1
"KERNEL_DISPATCH","Agent 2",1,0,4057937,155,5,"__amd_rocclr_copyBuffer",694,695615087989874,695615087992114,0,0,16,0,128,512,1,1,512,1,1
"KERNEL_DISPATCH","Agent 2",1,0,4057937,156,5,"__amd_rocclr_copyBuffer",695,695615088011394,695615088014034,0,0,16,0,128,512,1,1,512,1,1
"KERNEL_DISPATCH","Agent 2",1,0,4057937,157,26,"k_linear_f32(float const*, float const*, float*, int, int, int, int)",698,695615088035035,695615088036955,0,0,16,0,128,16,16,1,64,128,1
"KERNEL_DISPATCH","Agent 2",1,0,4057937,158,5,"__amd_rocclr_copyBuffer",703,695615088239086,695615088241686,0,0,16,0,128,512,1,1,1024,1,1
"KERNEL_DISPATCH","Agent 2",1,0,4057937,159,26,"k_linear_f32(float const*, float const*, float*, int, int, int, int)",706,695615088282446,695615088286206,0,0,16,0,128,16,16,1,64,128,1
"KERNEL_DISPATCH","Agent 2",1,0,4057937,160,5,"__amd_rocclr_copyBuffer",711,695615088342967,695615088345767,0,0,16,0,128,512,1,1,1024,1,1
"KERNEL_DISPATCH","Agent 2",1,0,4057937,161,26,"k_linear_f32(float const*, float const*, float*, int, int, int, int)",714,695615088366367,695615088370488,0,0,16,0,128,16,16,1,64,128,1
"KERNEL_DISPATCH","Agent 2",1,0,4057937,162,5,"__amd_rocclr_copyBuffer",719,695615088426288,695615088428968,0,0,16,0,128,512,1,1,1024,1,1
"KERNEL_DISPATCH","Agent 2",1,0,4057937,163,26,"k_linear_f32(float const*, float const*, float*, int, int, int, int)",722,695615088450129,695615088453889,0,0,16,0,128,16,16,1,64,128,1
"KERNEL_DISPATCH","Agent 2",1,0,4057937,164,5,"__amd_rocclr_copyBuffer",726,695615088491449,695615088493609,0,0,16,0,128,512,1,1,512,1,1
"KERNEL_DISPATCH","Agent 2",1,0,4057937,165,5,"__amd_rocclr_copyBuffer",728,695615088540410,695615088542770,0,0,16,0,128,512,1,1,512,1,1
"KERNEL_DISPATCH","Agent 2",1,0,4057937,166,24,"k_sgd_f32(float*, float const*, float const*, int, int, int, int, float)",731,695615088563810,695615088585690,0,0,16,0,128,16,16,1,80,16,1
"KERNEL_DISPATCH","Agent 2",1,0,4057937,167,5,"__amd_rocclr_copyBuffer",733,695615088589050,695615088590610,0,0,16,0,128,512,1,1,512,1,1
"KERNEL_DISPATCH","Agent 2",1,0,4057937,168,24,"k_sgd_f32(float*, float const*, float const*, int, int, int, int, float)",740,695615088697892,695615088780013,0,0,16,0,128,16,16,1,224,64,1
"KERNEL_DISPATCH","Agent 2",1,0,4057937,169,26,"k_linear_f32(float const*, float const*, float*, int, int, int, int)",748,695615229554065,695615229574146,0,0,16,0,128,16,16,1,64,128,1
"KERNEL_DISPATCH","Agent 2",1,0,4057937,170,26,"k_linear_f32(float const*, float const*, float*, int, int, int, int)",756,695615229769628,695615229789788,0,0,16,0,128,16,16,1,64,128,1
"KERNEL_DISPATCH","Agent 2",1,0,4057937,171,26,"k_linear_f32(float const*, float const*, float*, int, int, int, int)",764,695615229971750,695615229986070,0,0,16,0,128,16,16,1,64,128,1
"KERNEL_DISPATCH","Agent 2",1,0,4057937,172,26,"k_linear_f32(float const*, float const*, float*, int, int, int, int)",772,695615230228312,695615230242672,0,0,16,0,128,16,16,1,64,128,1
"KERNEL_DISPATCH","Agent 2",1,0,4057937,173,5,"__amd_rocclr_copyBuffer",777,695615230460595,695615230462755,0,0,16,0,128,512,1,1,512,1,1
"KERNEL_DISPATCH","Agent 2",1,0,4057937,174,26,"k_linear_f32(float const*, float const*, float*, int, int, int, int)",780,695615230486475,695615230490755,0,0,16,0,128,16,16,1,16,128,1
"KERNEL_DISPATCH","Agent 2",1,0,4057937,175,5,"__amd_rocclr_copyBuffer",782,695615230494795,695615230496715,0,0,16,0,128,512,1,1,512,1,1
"KERNEL_DISPATCH","Agent 2",1,0,4057937,176,5,"__amd_rocclr_copyBuffer",784,695615230586436,695615230588436,0,0,16,0,128,512,1,1,512,1,1
"KERNEL_DISPATCH","Agent 2",1,0,4057937,177,5,"__amd_rocclr_copyBuffer",785,695615230607476,695615230609676,0,0,16,0,128,512,1,1,512,1,1
"KERNEL_DISPATCH","Agent 2",1,0,4057937,178,26,"k_linear_f32(float const*, float const*, float*, int, int, int, int)",788,695615230629836,695615230631596,0,0,16,0,128,16,16,1,64,128,1
"KERNEL_DISPATCH","Agent 2",1,0,4057937,179,5,"__amd_rocclr_copyBuffer",793,695615230721477,695615230723917,0,0,16,0,128,512,1,1,1024,1,1
"KERNEL_DISPATCH","Agent 2",1,0,4057937,180,26,"k_linear_f32(float const*, float const*, float*, int, int, int, int)",796,695615230743678,695615230747198,0,0,16,0,128,16,16,1,64,128,1
"KERNEL_DISPATCH","Agent 2",1,0,4057937,181,5,"__amd_rocclr_copyBuffer",801,695615230803358,695615230806038,0,0,16,0,128,512,1,1,1024,1,1
"KERNEL_DISPATCH","Agent 2",1,0,4057937,182,26,"k_linear_f32(float const*, float const*, float*, int, int, int, int)",804,695615230825598,695615230829119,0,0,16,0,128,16,16,1,64,128,1
"KERNEL_DISPATCH","Agent 2",1,0,4057937,183,5,"__amd_rocclr_copyBuffer",809,695615230922799,695615230925120,0,0,16,0,128,512,1,1,1024,1,1
"KERNEL_DISPATCH","Agent 2",1,0,4057937,184,26,"k_linear_f32(float const*, float const*, float*, int, int, int, int)",812,695615230945280,695615230948560,0,0,16,0,128,16,16,1,64,128,1
"KERNEL_DISPATCH","Agent 2",1,0,4057937,185,5,"__amd_rocclr_copyBuffer",816,695615230993200,695615230995520,0,0,16,0,128,512,1,1,512,1,1
"KERNEL_DISPATCH","Agent 2",1,0,4057937,186,5,"__amd_rocclr_copyBuffer",818,695615231045161,695615231047561,0,0,16,0,128,512,1,1,512,1,1
"KERNEL_DISPATCH","Agent 2",1,0,4057937,187,24,"k_sgd_f32(float*, float const*, float const*, int, int, int, int, float)",821,695615231068601,695615231088481,0,0,16,0,128,16,16,1,80,16,1
"KERNEL_DISPATCH","Agent 2",1,0,4057937,188,5,"__amd_rocclr_copyBuffer",823,695615231091761,695615231093481,0,0,16,0,128,512,1,1,512,1,1
"KERNEL_DISPATCH","Agent 2",1,0,4057937,189,24,"k_sgd_f32(float*, float const*, float const*, int, int, int, int, float)",830,695615231255803,695615231330244,0,0,16,0,128,16,16,1,224,64,1
"KERNEL_DISPATCH","Agent 2",1,0,4057937,190,26,"k_linear_f32(float const*, float const*, float*, int, int, int, int)",838,695615231432725,695615231447045,0,0,16,0,128,16,16,1,64,128,1
"KERNEL_DISPATCH","Agent 2",1,0,4057937,191,26,"k_linear_f32(float const*, float const*, float*, int, int, int, int)",846,695615231683527,695615231698087,0,0,16,0,128,16,16,1,64,128,1
"KERNEL_DISPATCH","Agent 2",1,0,4057937,192,26,"k_linear_f32(float const*, float const*, float*, int, int, int, int)",854,695615231921410,695615231936050,0,0,16,0,128,16,16,1,64,128,1
"KERNEL_DISPATCH","Agent 2",1,0,4057937,193,26,"k_linear_f32(float const*, float const*, float*, int, int, int, int)",862,695615232160612,695615232174932,0,0,16,0,128,16,16,1,64,128,1
"KERNEL_DISPATCH","Agent 2",1,0,4057937,194,5,"__amd_rocclr_copyBuffer",867,695615232384255,695615232386295,0,0,16,0,128,512,1,1,512,1,1
"KERNEL_DISPATCH","Agent 2",1,0,4057937,195,26,"k_linear_f32(float const*, float const*, float*, int, int, int, int)",870,695615232406335,695615232410535,0,0,16,0,128,16,16,1,16,128,1
"KERNEL_DISPATCH","Agent 2",1,0,4057937,196,5,"__amd_rocclr_copyBuffer",872,695615232413895,695615232415735,0,0,16,0,128,512,1,1,512,1,1
"KERNEL_DISPATCH","Agent 2",1,0,4057937,197,5,"__amd_rocclr_copyBuffer",874,695615232504416,695615232506456,0,0,16,0,128,512,1,1,512,1,1
"KERNEL_DISPATCH","Agent 2",1,0,4057937,198,5,"__amd_rocclr_copyBuffer",875,695615232525736,695615232527696,0,0,16,0,128,512,1,1,512,1,1
"KERNEL_DISPATCH","Agent 2",1,0,4057937,199,26,"k_linear_f32(float const*, float const*, float*, int, int, int, int)",878,695615232547736,695615232549456,0,0,16,0,128,16,16,1,64,128,1
"KERNEL_DISPATCH","Agent 2",1,0,4057937,200,5,"__amd_rocclr_copyBuffer",883,695615232635217,695615232638097,0,0,16,0,128,512,1,1,1024,1,1
"KERNEL_DISPATCH","Agent 2",1,0,4057937,201,26,"k_linear_f32(float const*, float const*, float*, int, int, int, int)",886,695615232658577,695615232662137,0,0,16,0,128,16,16,1,64,128,1
"KERNEL_DISPATCH","Agent 2",1,0,4057937,202,5,"__amd_rocclr_copyBuffer",891,695615232753378,695615232756138,0,0,16,0,128,512,1,1,1024,1,1
"KERNEL_DISPATCH","Agent 2",1,0,4057937,203,26,"k_linear_f32(float const*, float const*, float*, int, int, int, int)",894,695615232775419,695615232778739,0,0,16,0,128,16,16,1,64,128,1
"KERNEL_DISPATCH","Agent 2",1,0,4057937,204,5,"__amd_rocclr_copyBuffer",899,695615232863179,695615232865540,0,0,16,0,128,512,1,1,1024,1,1
"KERNEL_DISPATCH","Agent 2",1,0,4057937,205,26,"k_linear_f32(float const*, float const*, float*, int, int, int, int)",902,695615232886020,695615232889380,0,0,16,0,128,16,16,1,64,128,1
"KERNEL_DISPATCH","Agent 2",1,0,4057937,206,5,"__amd_rocclr_copyBuffer",906,695615232934260,695615232936220,0,0,16,0,128,512,1,1,512,1,1
"KERNEL_DISPATCH","Agent 2",1,0,4057937,207,5,"__amd_rocclr_copyBuffer",908,695615232989421,695615232991581,0,0,16,0,128,512,1,1,512,1,1
"KERNEL_DISPATCH","Agent 2",1,0,4057937,208,24,"k_sgd_f32(float*, float const*, float const*, int, int, int, int, float)",911,695615233013381,695615233033061,0,0,16,0,128,16,16,1,80,16,1
"KERNEL_DISPATCH","Agent 2",1,0,4057937,209,5,"__amd_rocclr_copyBuffer",913,695615233036421,695615233037901,0,0,16,0,128,512,1,1,512,1,1
"KERNEL_DISPATCH","Agent 2",1,0,4057937,210,24,"k_sgd_f32(float*, float const*, float const*, int, int, int, int, float)",920,695615233192703,695615233267184,0,0,16,0,128,16,16,1,224,64,1
"KERNEL_DISPATCH","Agent 2",1,0,4057937,211,26,"k_linear_f32(float const*, float const*, float*, int, int, int, int)",928,695615233368185,695615233382505,0,0,16,0,128,16,16,1,64,128,1
"KERNEL_DISPATCH","Agent 2",1,0,4057937,212,26,"k_linear_f32(float const*, float const*, float*, int, int, int, int)",936,695615233611427,695615233625867,0,0,16,0,128,16,16,1,64,128,1
"KERNEL_DISPATCH","Agent 2",1,0,4057937,213,26,"k_linear_f32(float const*, float const*, float*, int, int, int, int)",944,695615233849350,695615233863750,0,0,16,0,128,16,16,1,64,128,1
"KERNEL_DISPATCH","Agent 2",1,0,4057937,214,26,"k_linear_f32(float const*, float const*, float*, int, int, int, int)",952,695615234087272,695615234101672,0,0,16,0,128,16,16,1,64,128,1
"KERNEL_DISPATCH","Agent 2",1,0,4057937,215,5,"__amd_rocclr_copyBuffer",957,695615234310434,695615234312354,0,0,16,0,128,512,1,1,512,1,1
"KERNEL_DISPATCH","Agent 2",1,0,4057937,216,26,"k_linear_f32(float const*, float const*, float*, int, int, int, int)",960,695615234332995,695615234337195,0,0,16,0,128,16,16,1,16,128,1
"KERNEL_DISPATCH","Agent 2",1,0,4057937,217,5,"__amd_rocclr_copyBuffer",962,695615234340515,695615234342355,0,0,16,0,128,512,1,1,512,1,1
"KERNEL_DISPATCH","Agent 2",1,0,4057937,218,5,"__amd_rocclr_copyBuffer",964,695615234432516,695615234434836,0,0,16,0,128,512,1,1,512,1,1
"KERNEL_DISPATCH","Agent 2",1,0,4057937,219,5,"__amd_rocclr_copyBuffer",965,695615234453916,695615234455876,0,0,16,0,128,512,1,1,512,1,1
"KERNEL_DISPATCH","Agent 2",1,0,4057937,220,26,"k_linear_f32(float const*, float const*, float*, int, int, int, int)",968,695615234477276,695615234478996,0,0,16,0,128,16,16,1,64,128,1
"KERNEL_DISPATCH","Agent 2",1,0,4057937,221,5,"__amd_rocclr_copyBuffer",973,695615234564557,695615234566957,0,0,16,0,128,512,1,1,1024,1,1
"KERNEL_DISPATCH","Agent 2",1,0,4057937,222,26,"k_linear_f32(float const*, float const*, float*, int, int, int, int)",976,695615234588517,695615234591797,0,0,16,0,128,16,16,1,64,128,1
"KERNEL_DISPATCH","Agent 2",1,0,4057937,223,5,"__amd_rocclr_copyBuffer",981,695615234680078,695615234682758,0,0,16,0,128,512,1,1,1024,1,1
"KERNEL_DISPATCH","Agent 2",1,0,4057937,224,26,"k_linear_f32(float const*, float const*, float*, int, int, int, int)",984,695615234703438,695615234706758,0,0,16,0,128,16,16,1,64,128,1
"KERNEL_DISPATCH","Agent 2",1,0,4057937,225,5,"__amd_rocclr_copyBuffer",989,695615234794639,695615234797079,0,0,16,0,128,512,1,1,1024,1,1
"KERNEL_DISPATCH","Agent 2",1,0,4057937,226,26,"k_linear_f32(float const*, float const*, float*, int, int, int, int)",992,695615234817080,695615234820400,0,0,16,0,128,16,16,1,64,128,1
"KERNEL_DISPATCH","Agent 2",1,0,4057937,227,5,"__amd_rocclr_copyBuffer",996,695615234865840,695615234867800,0,0,16,0,128,512,1,1,512,1,1
"KERNEL_DISPATCH","Agent 2",1,0,4057937,228,5,"__amd_rocclr_copyBuffer",998,695615234918961,695615234921361,0,0,16,0,128,512,1,1,512,1,1
"KERNEL_DISPATCH","Agent 2",1,0,4057937,229,24,"k_sgd_f32(float*, float const*, float const*, int, int, int, int, float)",1001,695615234940481,695615234960321,0,0,16,0,128,16,16,1,80,16,1
"KERNEL_DISPATCH","Agent 2",1,0,4057937,230,5,"__amd_rocclr_copyBuffer",1003,695615234963561,695615234965361,0,0,16,0,128,512,1,1,512,1,1
"KERNEL_DISPATCH","Agent 2",1,0,4057937,231,24,"k_sgd_f32(float*, float const*, float const*, int, int, int, int, float)",1010,695615235127243,695615235202164,0,0,16,0,128,16,16,1,224,64,1
"KERNEL_DISPATCH","Agent 2",1,0,4057937,232,26,"k_linear_f32(float const*, float const*, float*, int, int, int, int)",1018,695615235350005,695615235364205,0,0,16,0,128,16,16,1,64,128,1
"KERNEL_DISPATCH","Agent 2",1,0,4057937,233,26,"k_linear_f32(float const*, float const*, float*, int, int, int, int)",1026,695615235603168,695615235617728,0,0,16,0,128,16,16,1,64,128,1
"KERNEL_DISPATCH","Agent 2",1,0,4057937,234,26,"k_linear_f32(float const*, float const*, float*, int, int, int, int)",1034,695615235842290,695615235856610,0,0,16,0,128,16,16,1,64,128,1
"KERNEL_DISPATCH","Agent 2",1,0,4057937,235,26,"k_linear_f32(float const*, float const*, float*, int, int, int, int)",1042,695615236111413,695615236125693,0,0,16,0,128,16,16,1,64,128,1
"KERNEL_DISPATCH","Agent 2",1,0,4057937,236,5,"__amd_rocclr_copyBuffer",1047,695615236304935,695615236306855,0,0,16,0,128,512,1,1,512,1,1
"KERNEL_DISPATCH","Agent 2",1,0,4057937,237,26,"k_linear_f32(float const*, float const*, float*, int, int, int, int)",1050,695615236327495,695615236331575,0,0,16,0,128,16,16,1,16,128,1
"KERNEL_DISPATCH","Agent 2",1,0,4057937,238,5,"__amd_rocclr_copyBuffer",1052,695615236462497,695615236464137,0,0,16,0,128,512,1,1,512,1,1
"KERNEL_DISPATCH","Agent 2",1,0,4057937,239,5,"__amd_rocclr_copyBuffer",1054,695615236553497,695615236555658,0,0,16,0,128,512,1,1,512,1,1
"KERNEL_DISPATCH","Agent 2",1,0,4057937,240,5,"__amd_rocclr_copyBuffer",1055,695615236574618,695615236576858,0,0,16,0,128,512,1,1,512,1,1
"KERNEL_DISPATCH","Agent 2",1,0,4057937,241,26,"k_linear_f32(float const*, float const*, float*, int, int, int, int)",1058,695615236597018,695615236598738,0,0,16,0,128,16,16,1,64,128,1
"KERNEL_DISPATCH","Agent 2",1,0,4057937,242,5,"__amd_rocclr_copyBuffer",1063,695615236688619,695615236691099,0,0,16,0,128,512,1,1,1024,1,1
"KERNEL_DISPATCH","Agent 2",1,0,4057937,243,26,"k_linear_f32(float const*, float const*, float*, int, int, int, int)",1066,695615236710619,695615236713899,0,0,16,0,128,16,16,1,64,128,1
"KERNEL_DISPATCH","Agent 2",1,0,4057937,244,5,"__amd_rocclr_copyBuffer",1071,695615236801300,695615236803660,0,0,16,0,128,512,1,1,1024,1,1
"KERNEL_DISPATCH","Agent 2",1,0,4057937,245,26,"k_linear_f32(float const*, float const*, float*, int, int, int, int)",1074,695615236823780,695615236827060,0,0,16,0,128,16,16,1,64,128,1
"KERNEL_DISPATCH","Agent 2",1,0,4057937,246,5,"__amd_rocclr_copyBuffer",1079,695615236917501,695615236920541,0,0,16,0,128,512,1,1,1024,1,1
"KERNEL_DISPATCH","Agent 2",1,0,4057937,247,26,"k_linear_f32(float const*, float const*, float*, int, int, int, int)",1082,695615236940941,695615236944502,0,0,16,0,128,16,16,1,64,128,1
"KERNEL_DISPATCH","Agent 2",1,0,4057937,248,5,"__amd_rocclr_copyBuffer",1086,695615236989422,695615236991302,0,0,16,0,128,512,1,1,512,1,1
"KERNEL_DISPATCH","Agent 2",1,0,4057937,249,5,"__amd_rocclr_copyBuffer",1088,695615237042143,695615237044223,0,0,16,0,128,512,1,1,512,1,1
"KERNEL_DISPATCH","Agent 2",1,0,4057937,250,24,"k_sgd_f32(float*, float const*, float const*, int, int, int, int, float)",1091,695615237065503,695615237085463,0,0,16,0,128,16,16,1,80,16,1
"KERNEL_DISPATCH","Agent 2",1,0,4057937,251,5,"__amd_rocclr_copyBuffer",1093,695615237088783,695615237090223,0,0,16,0,128,512,1,1,512,1,1
"KERNEL_DISPATCH","Agent 2",1,0,4057937,252,24,"k_sgd_f32(float*, float const*, float const*, int, int, int, int, float)",1100,695615237260025,695615237334666,0,0,16,0,128,16,16,1,224,64,1
"KERNEL_DISPATCH","Agent 2",1,0,4057937,253,26,"k_linear_f32(float const*, float const*, float*, int, int, int, int)",1108,695615237469587,695615237483867,0,0,16,0,128,16,16,1,64,128,1
"KERNEL_DISPATCH","Agent 2",1,0,4057937,254,26,"k_linear_f32(float const*, float const*, float*, int, int, int, int)",1116,695615237722190,695615237736430,0,0,16,0,128,16,16,1,64,128,1
"KERNEL_DISPATCH","Agent 2",1,0,4057937,255,26,"k_linear_f32(float const*, float const*, float*, int, int, int, int)",1124,695615237960672,695615237974872,0,0,16,0,128,16,16,1,64,128,1
"KERNEL_DISPATCH","Agent 2",1,0,4057937,256,26,"k_linear_f32(float const*, float const*, float*, int, int, int, int)",1132,695615238199954,695615238214235,0,0,16,0,128,16,16,1,64,128,1
"KERNEL_DISPATCH","Agent 2",1,0,4057937,257,5,"__amd_rocclr_copyBuffer",1137,695615238428157,695615238430117,0,0,16,0,128,512,1,1,512,1,1
"KERNEL_DISPATCH","Agent 2",1,0,4057937,258,26,"k_linear_f32(float const*, float const*, float*, int, int, int, int)",1140,695615238449797,695615238453917,0,0,16,0,128,16,16,1,16,128,1
"KERNEL_DISPATCH","Agent 2",1,0,4057937,259,5,"__amd_rocclr_copyBuffer",1142,695615238457237,695615238458797,0,0,16,0,128,512,1,1,512,1,1
"KERNEL_DISPATCH","Agent 2",1,0,4057937,260,5,"__amd_rocclr_copyBuffer",1144,695615238546878,695615238548878,0,0,16,0,128,512,1,1,512,1,1
"KERNEL_DISPATCH","Agent 2",1,0,4057937,261,5,"__amd_rocclr_copyBuffer",1145,695615238580198,695615238582318,0,0,16,0,128,512,1,1,512,1,1
"KERNEL_DISPATCH","Agent 2",1,0,4057937,262,26,"k_linear_f32(float const*, float const*, float*, int, int, int, int)",1148,695615238601879,695615238603639,0,0,16,0,128,16,16,1,64,128,1
"KERNEL_DISPATCH","Agent 2",1,0,4057937,263,5,"__amd_rocclr_copyBuffer",1153,695615238693280,695615238695720,0,0,16,0,128,512,1,1,1024,1,1
"KERNEL_DISPATCH","Agent 2",1,0,4057937,264,26,"k_linear_f32(float const*, float const*, float*, int, int, int, int)",1156,695615238715240,695615238718560,0,0,16,0,128,16,16,1,64,128,1
"KERNEL_DISPATCH","Agent 2",1,0,4057937,265,5,"__amd_rocclr_copyBuffer",1161,695615238811801,695615238814121,0,0,16,0,128,512,1,1,1024,1,1
"KERNEL_DISPATCH","Agent 2",1,0,4057937,266,26,"k_linear_f32(float const*, float const*, float*, int, int, int, int)",1164,695615238833681,695615238837041,0,0,16,0,128,16,16,1,64,128,1
"KERNEL_DISPATCH","Agent 2",1,0,4057937,267,5,"__amd_rocclr_copyBuffer",1169,695615238925362,695615238927722,0,0,16,0,128,512,1,1,1024,1,1
"KERNEL_DISPATCH","Agent 2",1,0,4057937,268,26,"k_linear_f32(float const*, float const*, float*, int, int, int, int)",1172,695615238947322,695615238950642,0,0,16,0,128,16,16,1,64,128,1
"KERNEL_DISPATCH","Agent 2",1,0,4057937,269,5,"__amd_rocclr_copyBuffer",1176,695615238998003,695615239000043,0,0,16,0,128,512,1,1,512,1,1
"KERNEL_DISPATCH","Agent 2",1,0,4057937,270,5,"__amd_rocclr_copyBuffer",1178,695615239056443,695615239058523,0,0,16,0,128,512,1,1,512,1,1
"KERNEL_DISPATCH","Agent 2",1,0,4057937,271,24,"k_sgd_f32(float*, float const*, float const*, int, int, int, int, float)",1181,695615239077963,695615239098084,0,0,16,0,128,16,16,1,80,16,1
"KERNEL_DISPATCH","Agent 2",1,0,4057937,272,5,"__amd_rocclr_copyBuffer",1183,695615239101324,695615239102804,0,0,16,0,128,512,1,1,512,1,1
"KERNEL_DISPATCH","Agent 2",1,0,4057937,273,24,"k_sgd_f32(float*, float const*, float const*, int, int, int, int, float)",1190,695615239259325,695615239334086,0,0,16,0,128,16,16,1,224,64,1
"KERNEL_DISPATCH","Agent 2",1,0,4057937,274,26,"k_linear_f32(float const*, float const*, float*, int, int, int, int)",1198,695615239476768,695615239491048,0,0,16,0,128,16,16,1,64,128,1
"KERNEL_DISPATCH","Agent 2",1,0,4057937,275,26,"k_linear_f32(float const*, float const*, float*, int, int, int, int)",1206,695615239731210,695615239745610,0,0,16,0,128,16,16,1,64,128,1
"KERNEL_DISPATCH","Agent 2",1,0,4057937,276,26,"k_linear_f32(float const*, float const*, float*, int, int, int, int)",1214,695615239970133,695615239984573,0,0,16,0,128,16,16,1,64,128,1
"KERNEL_DISPATCH","Agent 2",1,0,4057937,277,26,"k_linear_f32(float const*, float const*, float*, int, int, int, int)",1222,695615240210935,695615240225375,0,0,16,0,128,16,16,1,64,128,1
"KERNEL_DISPATCH","Agent 2",1,0,4057937,278,5,"__amd_rocclr_copyBuffer",1227,695615240431337,695615240433297,0,0,16,0,128,512,1,1,512,1,1
"KERNEL_DISPATCH","Agent 2",1,0,4057937,279,26,"k_linear_f32(float const*, float const*, float*, int, int, int, int)",1230,695615240454938,695615240459418,0,0,16,0,128,16,16,1,16,128,1
"KERNEL_DISPATCH","Agent 2",1,0,4057937,280,5,"__amd_rocclr_copyBuffer",1232,695615240462698,695615240464578,0,0,16,0,128,512,1,1,512,1,1
"KERNEL_DISPATCH","Agent 2",1,0,4057937,281,5,"__amd_rocclr_copyBuffer",1234,695615240492658,695615240494658,0,0,16,0,128,512,1,1,512,1,1
"KERNEL_DISPATCH","Agent 2",1,0,4057937,282,5,"__amd_rocclr_copyBuffer",1235,695615240513298,695615240515978,0,0,16,0,128,512,1,1,512,1,1
"KERNEL_DISPATCH","Agent 2",1,0,4057937,283,26,"k_linear_f32(float const*, float const*, float*, int, int, int, int)",1238,695615240536819,695615240538939,0,0,16,0,128,16,16,1,64,128,1
"KERNEL_DISPATCH","Agent 2",1,0,4057937,284,5,"__amd_rocclr_copyBuffer",1243,695615240629699,695615240632339,0,0,16,0,128,512,1,1,1024,1,1
"KERNEL_DISPATCH","Agent 2",1,0,4057937,285,26,"k_linear_f32(float const*, float const*, float*, int, int, int, int)",1246,695615240653620,695615240656900,0,0,16,0,128,16,16,1,64,128,1
"KERNEL_DISPATCH","Agent 2",1,0,4057937,286,5,"__amd_rocclr_copyBuffer",1251,695615240743261,695615240745581,0,0,16,0,128,512,1,1,1024,1,1
"KERNEL_DISPATCH","Agent 2",1,0,4057937,287,26,"k_linear_f32(float const*, float const*, float*, int, int, int, int)",1254,695615240766701,695615240770021,0,0,16,0,128,16,16,1,64,128,1
"KERNEL_DISPATCH","Agent 2",1,0,4057937,288,5,"__amd_rocclr_copyBuffer",1259,695615240863742,695615240866142,0,0,16,0,128,512,1,1,1024,1,1
"KERNEL_DISPATCH","Agent 2",1,0,4057937,289,26,"k_linear_f32(float const*, float const*, float*, int, int, int, int)",1262,695615240886662,695615240889982,0,0,16,0,128,16,16,1,64,128,1
"KERNEL_DISPATCH","Agent 2",1,0,4057937,290,5,"__amd_rocclr_copyBuffer",1266,695615240936383,695615240938343,0,0,16,0,128,512,1,1,512,1,1
"KERNEL_DISPATCH","Agent 2",1,0,4057937,291,5,"__amd_rocclr_copyBuffer",1268,695615240989183,695615240991583,0,0,16,0,128,512,1,1,512,1,1
"KERNEL_DISPATCH","Agent 2",1,0,4057937,292,24,"k_sgd_f32(float*, float const*, float const*, int, int, int, int, float)",1271,695615241011383,695615241031424,0,0,16,0,128,16,16,1,80,16,1
"KERNEL_DISPATCH","Agent 2",1,0,4057937,293,5,"__amd_rocclr_copyBuffer",1273,695615241034744,695615241036224,0,0,16,0,128,512,1,1,512,1,1
"KERNEL_DISPATCH","Agent 2",1,0,4057937,294,24,"k_sgd_f32(float*, float const*, float const*, int, int, int, int, float)",1280,695615241195225,695615241270146,0,0,16,0,128,16,16,1,224,64,1
"KERNEL_DISPATCH","Agent 2",1,0,4057937,295,26,"k_linear_f32(float const*, float const*, float*, int, int, int, int)",1288,695615241406387,695615241420628,0,0,16,0,128,16,16,1,64,128,1
"KERNEL_DISPATCH","Agent 2",1,0,4057937,296,26,"k_linear_f32(float const*, float const*, float*, int, int, int, int)",1296,695615241657910,695615241672310,0,0,16,0,128,16,16,1,64,128,1
"KERNEL_DISPATCH","Agent 2",1,0,4057937,297,26,"k_linear_f32(float const*, float const*, float*, int, int, int, int)",1304,695615241896793,695615241911153,0,0,16,0,128,16,16,1,64,128,1
"KERNEL_DISPATCH","Agent 2",1,0,4057937,298,26,"k_linear_f32(float const*, float const*, float*, int, int, int, int)",1312,695615242139795,695615242154355,0,0,16,0,128,16,16,1,64,128,1
"KERNEL_DISPATCH","Agent 2",1,0,4057937,299,5,"__amd_rocclr_copyBuffer",1317,695615242362797,695615242364757,0,0,16,0,128,512,1,1,512,1,1
"KERNEL_DISPATCH","Agent 2",1,0,4057937,300,26,"k_linear_f32(float const*, float const*, float*, int, int, int, int)",1320,695615242385518,695615242389918,0,0,16,0,128,16,16,1,16,128,1
"KERNEL_DISPATCH","Agent 2",1,0,4057937,301,5,"__amd_rocclr_copyBuffer",1322,695615242393198,695615242395118,0,0,16,0,128,512,1,1,512,1,1
"KERNEL_DISPATCH","Agent 2",1,0,4057937,302,5,"__amd_rocclr_copyBuffer",1324,695615242425238,695615242427358,0,0,16,0,128,512,1,1,512,1,1
"KERNEL_DISPATCH","Agent 2",1,0,4057937,303,5,"__amd_rocclr_copyBuffer",1325,695615242446718,695615242448678,0,0,16,0,128,512,1,1,512,1,1
"KERNEL_DISPATCH","Agent 2",1,0,4057937,304,26,"k_linear_f32(float const*, float const*, float*, int, int, int, int)",1328,695615242468598,695615242470358,0,0,16,0,128,16,16,1,64,128,1
"KERNEL_DISPATCH","Agent 2",1,0,4057937,305,5,"__amd_rocclr_copyBuffer",1333,695615242558319,695615242560799,0,0,16,0,128,512,1,1,1024,1,1
"KERNEL_DISPATCH","Agent 2",1,0,4057937,306,26,"k_linear_f32(float const*, float const*, float*, int, int, int, int)",1336,695615242580240,695615242583520,0,0,16,0,128,16,16,1,64,128,1
"KERNEL_DISPATCH","Agent 2",1,0,4057937,307,5,"__amd_rocclr_copyBuffer",1341,695615242675801,695615242678081,0,0,16,0,128,512,1,1,1024,1,1
"KERNEL_DISPATCH","Agent 2",1,0,4057937,308,26,"k_linear_f32(float const*, float const*, float*, int, int, int, int)",1344,695615242697241,695615242700521,0,0,16,0,128,16,16,1,64,128,1
"KERNEL_DISPATCH","Agent 2",1,0,4057937,309,5,"__amd_rocclr_copyBuffer",1349,695615242789402,695615242792042,0,0,16,0,128,512,1,1,1024,1,1
"KERNEL_DISPATCH","Agent 2",1,0,4057937,310,26,"k_linear_f32(float const*, float const*, float*, int, int, int, int)",1352,695615242811882,695615242815162,0,0,16,0,128,16,16,1,64,128,1
"KERNEL_DISPATCH","Agent 2",1,0,4057937,311,5,"__amd_rocclr_copyBuffer",1356,695615242861042,695615242863122,0,0,16,0,128,512,1,1,512,1,1
"KERNEL_DISPATCH","Agent 2",1,0,4057937,312,5,"__amd_rocclr_copyBuffer",1358,695615242913763,695615242915843,0,0,16,0,128,512,1,1,512,1,1
"KERNEL_DISPATCH","Agent 2",1,0,4057937,313,24,"k_sgd_f32(float*, float const*, float const*, int, int, int, int, float)",1361,695615242935163,695615242954883,0,0,16,0,128,16,16,1,80,16,1
"KERNEL_DISPATCH","Agent 2",1,0,4057937,314,5,"__amd_rocclr_copyBuffer",1363,695615242958283,695615242959763,0,0,16,0,128,512,1,1,512,1,1
"KERNEL_DISPATCH","Agent 2",1,0,4057937,315,24,"k_sgd_f32(float*, float const*, float const*, int, int, int, int, float)",1370,695615243119925,695615243194246,0,0,16,0,128,16,16,1,224,64,1
"KERNEL_DISPATCH","Agent 2",1,0,4057937,316,26,"k_linear_f32(float const*, float const*, float*, int, int, int, int)",1378,695615243336847,695615243351127,0,0,16,0,128,16,16,1,64,128,1
"KERNEL_DISPATCH","Agent 2",1,0,4057937,317,26,"k_linear_f32(float const*, float const*, float*, int, int, int, int)",1386,695615243591850,695615243606410,0,0,16,0,128,16,16,1,64,128,1
"KERNEL_DISPATCH","Agent 2",1,0,4057937,318,26,"k_linear_f32(float const*, float const*, float*, int, int, int, int)",1394,695615243832452,695615243846933,0,0,16,0,128,16,16,1,64,128,1
"KERNEL_DISPATCH","Agent 2",1,0,4057937,319,26,"k_linear_f32(float const*, float const*, float*, int, int, int, int)",1402,695615244274377,695615244288617,0,0,16,0,128,16,16,1,64,128,1
"KERNEL_DISPATCH","Agent 2",1,0,4057937,320,5,"__amd_rocclr_copyBuffer",1407,695615244511339,695615244513579,0,0,16,0,128,512,1,1,512,1,1
"KERNEL_DISPATCH","Agent 2",1,0,4057937,321,26,"k_linear_f32(float const*, float const*, float*, int, int, int, int)",1410,695615244536020,695615244540540,0,0,16,0,128,16,16,1,16,128,1
"KERNEL_DISPATCH","Agent 2",1,0,4057937,322,5,"__amd_rocclr_copyBuffer",1412,695615244545140,695615244547220,0,0,16,0,128,512,1,1,512,1,1
"KERNEL_DISPATCH","Agent 2",1,0,4057937,323,5,"__amd_rocclr_copyBuffer",1414,695615244580260,695615244583420,0,0,16,0,128,512,1,1,512,1,1
"KERNEL_DISPATCH","Agent 2",1,0,4057937,324,5,"__amd_rocclr_copyBuffer",1415,695615244607500,695615244610660,0,0,16,0,128,512,1,1,512,1,1
"KERNEL_DISPATCH","Agent 2",1,0,4057937,325,26,"k_linear_f32(float const*, float const*, float*, int, int, int, int)",1418,695615244636221,695615244638741,0,0,16,0,128,16,16,1,64,128,1
"KERNEL_DISPATCH","Agent 2",1,0,4057937,326,5,"__amd_rocclr_copyBuffer",1423,695615244744302,695615244755262,0,0,16,0,128,512,1,1,1024,1,1
"KERNEL_DISPATCH","Agent 2",1,0,4057937,327,26,"k_linear_f32(float const*, float const*, float*, int, int, int, int)",1426,695615244779302,695615244783382,0,0,16,0,128,16,16,1,64,128,1
"KERNEL_DISPATCH","Agent 2",1,0,4057937,328,5,"__amd_rocclr_copyBuffer",1431,695615244850583,695615244853703,0,0,16,0,128,512,1,1,1024,1,1
"KERNEL_DISPATCH","Agent 2",1,0,4057937,329,26,"k_linear_f32(float const*, float const*, float*, int, int, int, int)",1434,695615244877503,695615244881783,0,0,16,0,128,16,16,1,64,128,1
"KERNEL_DISPATCH","Agent 2",1,0,4057937,330,5,"__amd_rocclr_copyBuffer",1439,695615244974864,695615244977184,0,0,16,0,128,512,1,1,1024,1,1
"KERNEL_DISPATCH","Agent 2",1,0,4057937,331,26,"k_linear_f32(float const*, float const*, float*, int, int, int, int)",1442,695615244997864,695615245001144,0,0,16,0,128,16,16,1,64,128,1
"KERNEL_DISPATCH","Agent 2",1,0,4057937,332,5,"__amd_rocclr_copyBuffer",1446,695615245048345,695615245050305,0,0,16,0,128,512,1,1,512,1,1
"KERNEL_DISPATCH","Agent 2",1,0,4057937,333,5,"__amd_rocclr_copyBuffer",1448,695615245099945,695615245102266,0,0,16,0,128,512,1,1,512,1,1
"KERNEL_DISPATCH","Agent 2",1,0,4057937,334,24,"k_sgd_f32(float*, float const*, float const*, int, int, int, int, float)",1451,695615245122626,695615245142746,0,0,16,0,128,16,16,1,80,16,1
"KERNEL_DISPATCH","Agent 2",1,0,4057937,335,5,"__amd_rocclr_copyBuffer",1453,695615245146066,695615245147546,0,0,16,0,128,512,1,1,512,1,1
"KERNEL_DISPATCH","Agent 2",1,0,4057937,336,24,"k_sgd_f32(float*, float const*, float const*, int, int, int, int, float)",1460,695615245711352,695615245856593,0,0,16,0,128,16,16,1,224,64,1
"KERNEL_DISPATCH","Agent 2",1,0,4057937,337,26,"k_linear_f32(float const*, float const*, float*, int, int, int, int)",1468,695615245991595,695615246011635,0,0,16,0,128,16,16,1,64,128,1
"KERNEL_DISPATCH","Agent 2",1,0,4057937,338,26,"k_linear_f32(float const*, float const*, float*, int, int, int, int)",1476,695615246276598,695615246296558,0,0,16,0,128,16,16,1,64,128,1
"KERNEL_DISPATCH","Agent 2",1,0,4057937,339,26,"k_linear_f32(float const*, float const*, float*, int, int, int, int)",1484,695615246535280,695615246549760,0,0,16,0,128,16,16,1,64,128,1
"KERNEL_DISPATCH","Agent 2",1,0,4057937,340,26,"k_linear_f32(float const*, float const*, float*, int, int, int, int)",1492,695615246789403,695615246804283,0,0,16,0,128,16,16,1,64,128,1
"KERNEL_DISPATCH","Agent 2",1,0,4057937,341,5,"__amd_rocclr_copyBuffer",1497,695615247018885,695615247021445,0,0,16,0,128,512,1,1,512,1,1
"KERNEL_DISPATCH","Agent 2",1,0,4057937,342,26,"k_linear_f32(float const*, float const*, float*, int, int, int, int)",1500,695615247045006,695615247049366,0,0,16,0,128,16,16,1,16,128,1
"KERNEL_DISPATCH","Agent 2",1,0,4057937,343,5,"__amd_rocclr_copyBuffer",1502,695615247053446,695615247055366,0,0,16,0,128,512,1,1,512,1,1
"KERNEL_DISPATCH","Agent 2",1,0,4057937,344,5,"__amd_rocclr_copyBuffer",1504,695615247147607,695615247150287,0,0,16,0,128,512,1,1,512,1,1
"KERNEL_DISPATCH","Agent 2",1,0,4057937,345,5,"__amd_rocclr_copyBuffer",1505,695615247172527,695615247174647,0,0,16,0,128,512,1,1,512,1,1
"KERNEL_DISPATCH","Agent 2",1,0,4057937,346,26,"k_linear_f32(float const*, float const*, float*, int, int, int, int)",1508,695615247197847,695615247199687,0,0,16,0,128,16,16,1,64,128,1
"KERNEL_DISPATCH","Agent 2",1,0,4057937,347,5,"__amd_rocclr_copyBuffer",1513,695615247262288,695615247264728,0,0,16,0,128,512,1,1,1024,1,1
"KERNEL_DISPATCH","Agent 2",1,0,4057937,348,26,"k_linear_f32(float const*, float const*, float*, int, int, int, int)",1516,695615247287528,695615247290968,0,0,16,0,128,16,16,1,64,128,1
"KERNEL_DISPATCH","Agent 2",1,0,4057937,349,5,"__amd_rocclr_copyBuffer",1521,695615247385649,695615247388609,0,0,16,0,128,512,1,1,1024,1,1
"KERNEL_DISPATCH","Agent 2",1,0,4057937,350,26,"k_linear_f32(float const*, float const*, float*, int, int, int, int)",1524,695615247410009,695615247413369,0,0,16,0,128,16,16,1,64,128,1
"KERNEL_DISPATCH","Agent 2",1,0,4057937,351,5,"__amd_rocclr_copyBuffer",1529,695615247469490,695615247472210,0,0,16,0,128,512,1,1,1024,1,1
"KERNEL_DISPATCH","Agent 2",1,0,4057937,352,26,"k_linear_f32(float const*, float const*, float*, int, int, int, int)",1532,695615247492370,695615247495650,0,0,16,0,128,16,16,1,64,128,1
"KERNEL_DISPATCH","Agent 2",1,0,4057937,353,5,"__amd_rocclr_copyBuffer",1536,695615247541371,695615247544091,0,0,16,0,128,512,1,1,512,1,1
"KERNEL_DISPATCH","Agent 2",1,0,4057937,354,5,"__amd_rocclr_copyBuffer",1538,695615247594251,695615247596731,0,0,16,0,128,512,1,1,512,1,1
"KERNEL_DISPATCH","Agent 2",1,0,4057937,355,24,"k_sgd_f32(float*, float const*, float const*, int, int, int, int, float)",1541,695615247616731,695615247636532,0,0,16,0,128,16,16,1,80,16,1
"KERNEL_DISPATCH","Agent 2",1,0,4057937,356,5,"__amd_rocclr_copyBuffer",1543,695615247639812,695615247641652,0,0,16,0,128,512,1,1,512,1,1
"KERNEL_DISPATCH","Agent 2",1,0,4057937,357,24,"k_sgd_f32(float*, float const*, float const*, int, int, int, int, float)",1550,695615247764453,695615247838334,0,0,16,0,128,16,16,1,224,64,1
"KERNEL_DISPATCH","Agent 2",1,0,4057937,358,26,"k_linear_f32(float const*, float const*, float*, int, int, int, int)",1558,695615247945855,695615247960175,0,0,16,0,128,16,16,1,64,128,1
"KERNEL_DISPATCH","Agent 2",1,0,4057937,359,26,"k_linear_f32(float const*, float const*, float*, int, int, int, int)",1566,695615248190057,695615248204457,0,0,16,0,128,16,16,1,64,128,1
"KERNEL_DISPATCH","Agent 2",1,0,4057937,360,26,"k_linear_f32(float const*, float const*, float*, int, int, int, int)",1574,695615248426740,695615248441260,0,0,16,0,128,16,16,1,64,128,1
"KERNEL_DISPATCH","Agent 2",1,0,4057937,361,26,"k_linear_f32(float const*, float const*, float*, int, int, int, int)",1582,695615248665862,695615248680182,0,0,16,0,128,16,16,1,64,128,1
"KERNEL_DISPATCH","Agent 2",1,0,4057937,362,5,"__amd_rocclr_copyBuffer",1587,695615248882864,695615248884824,0,0,16,0,128,512,1,1,512,1,1
"KERNEL_DISPATCH","Agent 2",1,0,4057937,363,26,"k_linear_f32(float const*, float const*, float*, int, int, int, int)",1590,695615248904785,695615248908945,0,0,16,0,128,16,16,1,16,128,1
"KERNEL_DISPATCH","Agent 2",1,0,4057937,364,5,"__amd_rocclr_copyBuffer",1592,695615248912425,695615248913945,0,0,16,0,128,512,1,1,512,1,1
"KERNEL_DISPATCH","Agent 2",1,0,4057937,365,5,"__amd_rocclr_copyBuffer",1594,695615249002706,695615249004786,0,0,16,0,128,512,1,1,512,1,1
"KERNEL_DISPATCH","Agent 2",1,0,4057937,366,5,"__amd_rocclr_copyBuffer",1595,695615249026146,695615249028106,0,0,16,0,128,512,1,1,512,1,1
"KERNEL_DISPATCH","Agent 2",1,0,4057937,367,26,"k_linear_f32(float const*, float const*, float*, int, int, int, int)",1598,695615249048066,695615249049826,0,0,16,0,128,16,16,1,64,128,1
"KERNEL_DISPATCH","Agent 2",1,0,4057937,368,5,"__amd_rocclr_copyBuffer",1603,695615249140027,695615249142387,0,0,16,0,128,512,1,1,1024,1,1
"KERNEL_DISPATCH","Agent 2",1,0,4057937,369,26,"k_linear_f32(float const*, float const*, float*, int, int, int, int)",1606,695615249163827,695615249167387,0,0,16,0,128,16,16,1,64,128,1
"KERNEL_DISPATCH","Agent 2",1,0,4057937,370,5,"__amd_rocclr_copyBuffer",1611,695615249258188,695615249260468,0,0,16,0,128,512,1,1,1024,1,1
"KERNEL_DISPATCH","Agent 2",1,0,4057937,371,26,"k_linear_f32(float const*, float const*, float*, int, int, int, int)",1614,695615249280669,695615249283949,0,0,16,0,128,16,16,1,64,128,1
"KERNEL_DISPATCH","Agent 2",1,0,4057937,372,5,"__amd_rocclr_copyBuffer",1619,695615249369389,695615249371749,0,0,16,0,128,512,1,1,1024,1,1
"KERNEL_DISPATCH","Agent 2",1,0,4057937,373,26,"k_linear_f32(float const*, float const*, float*, int, int, int, int)",1622,695615249392790,695615249396070,0,0,16,0,128,16,16,1,64,128,1
"KERNEL_DISPATCH","Agent 2",1,0,4057937,374,5,"__amd_rocclr_copyBuffer",1626,695615249440110,695615249442030,0,0,16,0,128,512,1,1,512,1,1
"KERNEL_DISPATCH","Agent 2",1,0,4057937,375,5,"__amd_rocclr_copyBuffer",1628,695615249491471,695615249493831,0,0,16,0,128,512,1,1,512,1,1
"KERNEL_DISPATCH","Agent 2",1,0,4057937,376,24,"k_sgd_f32(float*, float const*, float const*, int, int, int, int, float)",1631,695615249514111,695615249533871,0,0,16,0,128,16,16,1,80,16,1
"KERNEL_DISPATCH","Agent 2",1,0,4057937,377,5,"__amd_rocclr_copyBuffer",1633,695615249537191,695615249538671,0,0,16,0,128,512,1,1,512,1,1
"KERNEL_DISPATCH","Agent 2",1,0,4057937,378,24,"k_sgd_f32(float*, float const*, float const*, int, int, int, int, float)",1640,695615249662912,695615249737273,0,0,16,0,128,16,16,1,224,64,1
"KERNEL_DISPATCH","Agent 2",1,0,4057937,379,26,"k_linear_f32(float const*, float const*, float*, int, int, int, int)",1648,695615249838554,695615249853114,0,0,16,0,128,16,16,1,64,128,1
"KERNEL_DISPATCH","Agent 2",1,0,4057937,380,26,"k_linear_f32(float const*, float const*, float*, int, int, int, int)",1656,695615250091997,695615250106597,0,0,16,0,128,16,16,1,64,128,1
"KERNEL_DISPATCH","Agent 2",1,0,4057937,381,26,"k_linear_f32(float const*, float const*, float*, int, int, int, int)",1664,695615250331239,695615250345520,0,0,16,0,128,16,16,1,64,128,1
"KERNEL_DISPATCH","Agent 2",1,0,4057937,382,26,"k_linear_f32(float const*, float const*, float*, int, int, int, int)",1672,695615250573002,695615250587282,0,0,16,0,128,16,16,1,64,128,1
"KERNEL_DISPATCH","Agent 2",1,0,4057937,383,5,"__amd_rocclr_copyBuffer",1677,695615250794884,695615250796884,0,0,16,0,128,512,1,1,512,1,1
"KERNEL_DISPATCH","Agent 2",1,0,4057937,384,26,"k_linear_f32(float const*, float const*, float*, int, int, int, int)",1680,695615250817484,695615250822004,0,0,16,0,128,16,16,1,16,128,1
"KERNEL_DISPATCH","Agent 2",1,0,4057937,385,5,"__amd_rocclr_copyBuffer",1682,695615250825364,695615250827164,0,0,16,0,128,512,1,1,512,1,1
"KERNEL_DISPATCH","Agent 2",1,0,4057937,386,5,"__amd_rocclr_copyBuffer",1684,695615250916285,695615250918365,0,0,16,0,128,512,1,1,512,1,1
"KERNEL_DISPATCH","Agent 2",1,0,4057937,387,5,"__amd_rocclr_copyBuffer",1685,695615250938286,695615250940246,0,0,16,0,128,512,1,1,512,1,1
"KERNEL_DISPATCH","Agent 2",1,0,4057937,388,26,"k_linear_f32(float const*, float const*, float*, int, int, int, int)",1688,695615250960126,695615250961886,0,0,16,0,128,16,16,1,64,128,1
"KERNEL_DISPATCH","Agent 2",1,0,4057937,389,5,"__amd_rocclr_copyBuffer",1693,695615251018126,695615251020486,0,0,16,0,128,512,1,1,1024,1,1
"KERNEL_DISPATCH","Agent 2",1,0,4057937,390,26,"k_linear_f32(float const*, float const*, float*, int, int, int, int)",1696,695615251039927,695615251043407,0,0,16,0,128,16,16,1,64,128,1
"KERNEL_DISPATCH","Agent 2",1,0,4057937,391,5,"__amd_rocclr_copyBuffer",1701,695615251130728,695615251133448,0,0,16,0,128,512,1,1,1024,1,1
"KERNEL_DISPATCH","Agent 2",1,0,4057937,392,26,"k_linear_f32(float const*, float const*, float*, int, int, int, int)",1704,695615251154128,695615251157448,0,0,16,0,128,16,16,1,64,128,1
"KERNEL_DISPATCH","Agent 2",1,0,4057937,393,5,"__amd_rocclr_copyBuffer",1709,695615251244329,695615251246649,0,0,16,0,128,512,1,1,1024,1,1
"KERNEL_DISPATCH","Agent 2",1,0,4057937,394,26,"k_linear_f32(float const*, float const*, float*, int, int, int, int)",1712,695615251266809,695615251270129,0,0,16,0,128,16,16,1,64,128,1
"KERNEL_DISPATCH","Agent 2",1,0,4057937,395,5,"__amd_rocclr_copyBuffer",1716,695615251317930,695615251320290,0,0,16,0,128,512,1,1,512,1,1
"KERNEL_DISPATCH","Agent 2",1,0,4057937,396,5,"__amd_rocclr_copyBuffer",1718,695615251368650,695615251371010,0,0,16,0,128,512,1,1,512,1,1
"KERNEL_DISPATCH","Agent 2",1,0,4057937,397,24,"k_sgd_f32(float*, float const*, float const*, int, int, int, int, float)",1721,695615251392050,695615251411850,0,0,16,0,128,16,16,1,80,16,1
"KERNEL_DISPATCH","Agent 2",1,0,4057937,398,5,"__amd_rocclr_copyBuffer",1723,695615251415011,695615251416491,0,0,16,0,128,512,1,1,512,1,1
"KERNEL_DISPATCH","Agent 2",1,0,4057937,399,24,"k_sgd_f32(float*, float const*, float const*, int, int, int, int, float)",1730,695615251578052,695615251653093,0,0,16,0,128,16,16,1,224,64,1
"KERNEL_DISPATCH","Agent 2",1,0,4057937,400,26,"k_linear_f32(float const*, float const*, float*, int, int, int, int)",1738,695615251754254,695615251768454,0,0,16,0,128,16,16,1,64,128,1
"KERNEL_DISPATCH","Agent 2",1,0,4057937,401,26,"k_linear_f32(float const*, float const*, float*, int, int, int, int)",1746,695615252004377,695615252018737,0,0,16,0,128,16,16,1,64,128,1
"KERNEL_DISPATCH","Agent 2",1,0,4057937,402,26,"k_linear_f32(float const*, float const*, float*, int, int, int, int)",1754,695615252369060,695615252383300,0,0,16,0,128,16,16,1,64,128,1
"KERNEL_DISPATCH","Agent 2",1,0,4057937,403,26,"k_linear_f32(float const*, float const*, float*, int, int, int, int)",1762,695615252624463,695615252638903,0,0,16,0,128,16,16,1,64,128,1
"KERNEL_DISPATCH","Agent 2",1,0,4057937,404,5,"__amd_rocclr_copyBuffer",1767,695615252845385,695615252847305,0,0,16,0,128,512,1,1,512,1,1
"KERNEL_DISPATCH","Agent 2",1,0,4057937,405,26,"k_linear_f32(float const*, float const*, float*, int, int, int, int)",1770,695615252868265,695615252872386,0,0,16,0,128,16,16,1,16,128,1
"KERNEL_DISPATCH","Agent 2",1,0,4057937,406,5,"__amd_rocclr_copyBuffer",1772,695615252875666,695615252877186,0,0,16,0,128,512,1,1,512,1,1
"KERNEL_DISPATCH","Agent 2",1,0,4057937,407,5,"__amd_rocclr_copyBuffer",1774,695615252907746,695615252909866,0,0,16,0,128,512,1,1,512,1,1
"KERNEL_DISPATCH","Agent 2",1,0,4057937,408,5,"__amd_rocclr_copyBuffer",1775,695615252929266,695615252931266,0,0,16,0,128,512,1,1,512,1,1
"KERNEL_DISPATCH","Agent 2",1,0,4057937,409,26,"k_linear_f32(float const*, float const*, float*, int, int, int, int)",1778,695615252950866,695615252952906,0,0,16,0,128,16,16,1,64,128,1
"KERNEL_DISPATCH","Agent 2",1,0,4057937,410,5,"__amd_rocclr_copyBuffer",1783,695615253063868,695615253066868,0,0,16,0,128,512,1,1,1024,1,1
"KERNEL_DISPATCH","Agent 2",1,0,4057937,411,26,"k_linear_f32(float const*, float const*, float*, int, int, int, int)",1786,695615253087108,695615253090388,0,0,16,0,128,16,16,1,64,128,1
"KERNEL_DISPATCH","Agent 2",1,0,4057937,412,5,"__amd_rocclr_copyBuffer",1791,695615253145668,695615253147988,0,0,16,0,128,512,1,1,1024,1,1
"KERNEL_DISPATCH","Agent 2",1,0,4057937,413,26,"k_linear_f32(float const*, float const*, float*, int, int, int, int)",1794,695615253169029,695615253172309,0,0,16,0,128,16,16,1,64,128,1
"KERNEL_DISPATCH","Agent 2",1,0,4057937,414,5,"__amd_rocclr_copyBuffer",1799,695615253259750,695615253262070,0,0,16,0,128,512,1,1,1024,1,1
"KERNEL_DISPATCH","Agent 2",1,0,4057937,415,26,"k_linear_f32(float const*, float const*, float*, int, int, int, int)",1802,695615253282390,695615253285950,0,0,16,0,128,16,16,1,64,128,1
"KERNEL_DISPATCH","Agent 2",1,0,4057937,416,5,"__amd_rocclr_copyBuffer",1806,695615253329470,695615253331390,0,0,16,0,128,512,1,1,512,1,1
"KERNEL_DISPATCH","Agent 2",1,0,4057937,417,5,"__amd_rocclr_copyBuffer",1808,695615253381111,695615253383471,0,0,16,0,128,512,1,1,512,1,1
"KERNEL_DISPATCH","Agent 2",1,0,4057937,418,24,"k_sgd_f32(float*, float const*, float const*, int, int, int, int, float)",1811,695615253403071,695615253422951,0,0,16,0,128,16,16,1,80,16,1
"KERNEL_DISPATCH","Agent 2",1,0,4057937,419,5,"__amd_rocclr_copyBuffer",1813,695615253426191,695615253427631,0,0,16,0,128,512,1,1,512,1,1
"KERNEL_DISPATCH","Agent 2",1,0,4057937,420,24,"k_sgd_f32(float*, float const*, float const*, int, int, int, int, float)",1820,695615253587833,695615253661834,0,0,16,0,128,16,16,1,224,64,1
"KERNEL_DISPATCH","Agent 2",1,0,4057937,421,26,"k_linear_f32(float const*, float const*, float*, int, int, int, int)",1828,695615253762835,695615253777115,0,0,16,0,128,16,16,1,64,128,1
"KERNEL_DISPATCH","Agent 2",1,0,4057937,422,26,"k_linear_f32(float const*, float const*, float*, int, int, int, int)",1836,695615254014517,695615254028837,0,0,16,0,128,16,16,1,64,128,1
"KERNEL_DISPATCH","Agent 2",1,0,4057937,423,26,"k_linear_f32(float const*, float const*, float*, int, int, int, int)",1844,695615254249560,695615254264200,0,0,16,0,128,16,16,1,64,128,1
"KERNEL_DISPATCH","Agent 2",1,0,4057937,424,26,"k_linear_f32(float const*, float const*, float*, int, int, int, int)",1852,695615254487482,695615254502082,0,0,16,0,128,16,16,1,64,128,1
"KERNEL_DISPATCH","Agent 2",1,0,4057937,425,5,"__amd_rocclr_copyBuffer",1857,695615254711564,695615254713484,0,0,16,0,128,512,1,1,512,1,1
"KERNEL_DISPATCH","Agent 2",1,0,4057937,426,26,"k_linear_f32(float const*, float const*, float*, int, int, int, int)",1860,695615254733205,695615254737645,0,0,16,0,128,16,16,1,16,128,1
"KERNEL_DISPATCH","Agent 2",1,0,4057937,427,5,"__amd_rocclr_copyBuffer",1862,695615254740885,695615254742405,0,0,16,0,128,512,1,1,512,1,1
"KERNEL_DISPATCH","Agent 2",1,0,4057937,428,5,"__amd_rocclr_copyBuffer",1864,695615254830606,695615254833406,0,0,16,0,128,512,1,1,512,1,1
"KERNEL_DISPATCH","Agent 2",1,0,4057937,429,5,"__amd_rocclr_copyBuffer",1865,695615254852366,695615254854326,0,0,16,0,128,512,1,1,512,1,1
"KERNEL_DISPATCH","Agent 2",1,0,4057937,430,26,"k_linear_f32(float const*, float const*, float*, int, int, int, int)",1868,695615254874846,695615254876566,0,0,16,0,128,16,16,1,64,128,1
"KERNEL_DISPATCH","Agent 2",1,0,4057937,431,5,"__amd_rocclr_copyBuffer",1873,695615254936007,695615254938927,0,0,16,0,128,512,1,1,1024,1,1
"KERNEL_DISPATCH","Agent 2",1,0,4057937,432,26,"k_linear_f32(float const*, float const*, float*, int, int, int, int)",1876,695615254959407,695615254963007,0,0,16,0,128,16,16,1,64,128,1
"KERNEL_DISPATCH","Agent 2",1,0,4057937,433,5,"__amd_rocclr_copyBuffer",1881,695615255051328,695615255054008,0,0,16,0,128,512,1,1,1024,1,1
"KERNEL_DISPATCH","Agent 2",1,0,4057937,434,26,"k_linear_f32(float const*, float const*, float*, int, int, int, int)",1884,695615255073768,695615255077048,0,0,16,0,128,16,16,1,64,128,1
"KERNEL_DISPATCH","Agent 2",1,0,4057937,435,5,"__amd_rocclr_copyBuffer",1889,695615255134969,695615255137929,0,0,16,0,128,512,1,1,1024,1,1
"KERNEL_DISPATCH","Agent 2",1,0,4057937,436,26,"k_linear_f32(float const*, float const*, float*, int, int, int, int)",1892,695615255158089,695615255161409,0,0,16,0,128,16,16,1,64,128,1
"KERNEL_DISPATCH","Agent 2",1,0,4057937,437,5,"__amd_rocclr_copyBuffer",1896,695615255207330,695615255209610,0,0,16,0,128,512,1,1,512,1,1
"KERNEL_DISPATCH","Agent 2",1,0,4057937,438,5,"__amd_rocclr_copyBuffer",1898,695615255258930,695615255260970,0,0,16,0,128,512,1,1,512,1,1
"KERNEL_DISPATCH","Agent 2",1,0,4057937,439,24,"k_sgd_f32(float*, float const*, float const*, int, int, int, int, float)",1901,695615255281450,695615255301611,0,0,16,0,128,16,16,1,80,16,1
"KERNEL_DISPATCH","Agent 2",1,0,4057937,440,5,"__amd_rocclr_copyBuffer",1903,695615255305371,695615255306811,0,0,16,0,128,512,1,1,512,1,1
"KERNEL_DISPATCH","Agent 2",1,0,4057937,441,24,"k_sgd_f32(float*, float const*, float const*, int, int, int, int, float)",1910,695615255430092,695615255504893,0,0,16,0,128,16,16,1,224,64,1
"KERNEL_DISPATCH","Agent 2",1,0,4057937,442,26,"k_linear_f32(float const*, float const*, float*, int, int, int, int)",1918,695615255606614,695615255620854,0,0,16,0,128,16,16,1,64,128,1
"KERNEL_DISPATCH","Agent 2",1,0,4057937,443,26,"k_linear_f32(float const*, float const*, float*, int, int, int, int)",1926,695615255856416,695615255871016,0,0,16,0,128,16,16,1,64,128,1
"KERNEL_DISPATCH","Agent 2",1,0,4057937,444,26,"k_linear_f32(float const*, float const*, float*, int, int, int, int)",1934,695615256096099,695615256110539,0,0,16,0,128,16,16,1,64,128,1
"KERNEL_DISPATCH","Agent 2",1,0,4057937,445,26,"k_linear_f32(float const*, float const*, float*, int, int, int, int)",1942,695615256333981,695615256348381,0,0,16,0,128,16,16,1,64,128,1
"KERNEL_DISPATCH","Agent 2",1,0,4057937,446,5,"__amd_rocclr_copyBuffer",1947,695615256555743,695615256557743,0,0,16,0,128,512,1,1,512,1,1
"KERNEL_DISPATCH","Agent 2",1,0,4057937,447,26,"k_linear_f32(float const*, float const*, float*, int, int, int, int)",1950,695615256577984,695615256582424,0,0,16,0,128,16,16,1,16,128,1
"KERNEL_DISPATCH","Agent 2",1,0,4057937,448,5,"__amd_rocclr_copyBuffer",1952,695615256585744,695615256587624,0,0,16,0,128,512,1,1,512,1,1
"KERNEL_DISPATCH","Agent 2",1,0,4057937,449,5,"__amd_rocclr_copyBuffer",1954,695615256678145,695615256680305,0,0,16,0,128,512,1,1,512,1,1
"KERNEL_DISPATCH","Agent 2",1,0,4057937,450,5,"__amd_rocclr_copyBuffer",1955,695615256700145,695615256702105,0,0,16,0,128,512,1,1,512,1,1
"KERNEL_DISPATCH","Agent 2",1,0,4057937,451,26,"k_linear_f32(float const*, float const*, float*, int, int, int, int)",1958,695615256722265,695615256724265,0,0,16,0,128,16,16,1,64,128,1
"KERNEL_DISPATCH","Agent 2",1,0,4057937,452,5,"__amd_rocclr_copyBuffer",1963,695615256811946,695615256814866,0,0,16,0,128,512,1,1,1024,1,1
"KERNEL_DISPATCH","Agent 2",1,0,4057937,453,26,"k_linear_f32(float const*, float const*, float*, int, int, int, int)",1966,695615256835186,695615256838466,0,0,16,0,128,16,16,1,64,128,1
"KERNEL_DISPATCH","Agent 2",1,0,4057937,454,5,"__amd_rocclr_copyBuffer",1971,695615256932147,695615256934467,0,0,16,0,128,512,1,1,1024,1,1
"KERNEL_DISPATCH","Agent 2",1,0,4057937,455,26,"k_linear_f32(float const*, float const*, float*, int, int, int, int)",1974,695615256954108,695615256957428,0,0,16,0,128,16,16,1,64,128,1
"KERNEL_DISPATCH","Agent 2",1,0,4057937,456,5,"__amd_rocclr_copyBuffer",1979,695615257013588,695615257015948,0,0,16,0,128,512,1,1,1024,1,1
"KERNEL_DISPATCH","Agent 2",1,0,4057937,457,26,"k_linear_f32(float const*, float const*, float*, int, int, int, int)",1982,695615257035508,695615257038828,0,0,16,0,128,16,16,1,64,128,1
"KERNEL_DISPATCH","Agent 2",1,0,4057937,458,5,"__amd_rocclr_copyBuffer",1986,695615257086189,695615257088509,0,0,16,0,128,512,1,1,512,1,1
"KERNEL_DISPATCH","Agent 2",1,0,4057937,459,5,"__amd_rocclr_copyBuffer",1988,695615257136909,695615257139309,0,0,16,0,128,512,1,1,512,1,1
"KERNEL_DISPATCH","Agent 2",1,0,4057937,460,24,"k_sgd_f32(float*, float const*, float const*, int, int, int, int, float)",1991,695615257166750,695615257186790,0,0,16,0,128,16,16,1,80,16,1
"KERNEL_DISPATCH","Agent 2",1,0,4057937,461,5,"__amd_rocclr_copyBuffer",1993,695615257190070,695615257191510,0,0,16,0,128,512,1,1,512,1,1
"KERNEL_DISPATCH","Agent 2",1,0,4057937,462,24,"k_sgd_f32(float*, float const*, float const*, int, int, int, int, float)",2000,695615257350952,695615257425072,0,0,16,0,128,16,16,1,224,64,1
"KERNEL_DISPATCH","Agent 2",1,0,4057937,463,26,"k_linear_f32(float const*, float const*, float*, int, int, int, int)",2008,695615257537154,695615257551354,0,0,16,0,128,16,16,1,64,128,1
"KERNEL_DISPATCH","Agent 2",1,0,4057937,464,26,"k_linear_f32(float const*, float const*, float*, int, int, int, int)",2016,695615257790236,695615257804636,0,0,16,0,128,16,16,1,64,128,1
"KERNEL_DISPATCH","Agent 2",1,0,4057937,465,26,"k_linear_f32(float const*, float const*, float*, int, int, int, int)",2024,695615258028799,695615258043359,0,0,16,0,128,16,16,1,64,128,1
"KERNEL_DISPATCH","Agent 2",1,0,4057937,466,26,"k_linear_f32(float const*, float const*, float*, int, int, int, int)",2032,695615258269321,695615258283761,0,0,16,0,128,16,16,1,64,128,1
"KERNEL_DISPATCH","Agent 2",1,0,4057937,467,5,"__amd_rocclr_copyBuffer",2037,695615258494163,695615258496163,0,0,16,0,128,512,1,1,512,1,1
"KERNEL_DISPATCH","Agent 2",1,0,4057937,468,26,"k_linear_f32(float const*, float const*, float*, int, int, int, int)",2040,695615258516324,695615258520804,0,0,16,0,128,16,16,1,16,128,1
"KERNEL_DISPATCH","Agent 2",1,0,4057937,469,5,"__amd_rocclr_copyBuffer",2042,695615258524164,695615258526004,0,0,16,0,128,512,1,1,512,1,1
"KERNEL_DISPATCH","Agent 2",1,0,4057937,470,5,"__amd_rocclr_copyBuffer",2044,695615258556004,695615258558164,0,0,16,0,128,512,1,1,512,1,1
"KERNEL_DISPATCH","Agent 2",1,0,4057937,471,5,"__amd_rocclr_copyBuffer",2045,695615258578484,695615258580444,0,0,16,0,128,512,1,1,512,1,1
"KERNEL_DISPATCH","Agent 2",1,0,4057937,472,26,"k_linear_f32(float const*, float const*, float*, int, int, int, int)",2048,695615258601445,695615258603205,0,0,16,0,128,16,16,1,64,128,1
"KERNEL_DISPATCH","Agent 2",1,0,4057937,473,5,"__amd_rocclr_copyBuffer",2053,695615258657925,695615258660325,0,0,16,0,128,512,1,1,1024,1,1
"KERNEL_DISPATCH","Agent 2",1,0,4057937,474,26,"k_linear_f32(float const*, float const*, float*, int, int, int, int)",2056,695615258681365,695615258684685,0,0,16,0,128,16,16,1,64,128,1
"KERNEL_DISPATCH","Agent 2",1,0,4057937,475,5,"__amd_rocclr_copyBuffer",2061,695615258777646,695615258780646,0,0,16,0,128,512,1,1,1024,1,1
"KERNEL_DISPATCH","Agent 2",1,0,4057937,476,26,"k_linear_f32(float const*, float const*, float*, int, int, int, int)",2064,695615258800807,695615258804127,0,0,16,0,128,16,16,1,64,128,1
"KERNEL_DISPATCH","Agent 2",1,0,4057937,477,5,"__amd_rocclr_copyBuffer",2069,695615259055769,695615259058449,0,0,16,0,128,512,1,1,1024,1,1
"KERNEL_DISPATCH","Agent 2",1,0,4057937,478,26,"k_linear_f32(float const*, float const*, float*, int, int, int, int)",2072,695615259079129,695615259082449,0,0,16,0,128,16,16,1,64,128,1
"KERNEL_DISPATCH","Agent 2",1,0,4057937,479,5,"__amd_rocclr_copyBuffer",2076,695615259127450,695615259129370,0,0,16,0,128,512,1,1,512,1,1
"KERNEL_DISPATCH","Agent 2",1,0,4057937,480,5,"__amd_rocclr_copyBuffer",2078,695615259182491,695615259184651,0,0,16,0,128,512,1,1,512,1,1
"KERNEL_DISPATCH","Agent 2",1,0,4057937,481,24,"k_sgd_f32(float*, float const*, float const*, int, int, int, int, float)",2081,695615259204011,695615259223931,0,0,16,0,128,16,16,1,80,16,1
"KERNEL_DISPATCH","Agent 2",1,0,4057937,482,5,"__amd_rocclr_copyBuffer",2083,695615259227291,695615259228891,0,0,16,0,128,512,1,1,512,1,1
"KERNEL_DISPATCH","Agent 2",1,0,4057937,483,24,"k_sgd_f32(float*, float const*, float const*, int, int, int, int, float)",2090,695615259384853,695615259459493,0,0,16,0,128,16,16,1,224,64,1
"KERNEL_DISPATCH","Agent 2",1,0,4057937,484,26,"k_linear_f32(float const*, float const*, float*, int, int, int, int)",2098,695615259561334,695615259575655,0,0,16,0,128,16,16,1,64,128,1
"KERNEL_DISPATCH","Agent 2",1,0,4057937,485,26,"k_linear_f32(float const*, float const*, float*, int, int, int, int)",2106,695615259812377,695615259826697,0,0,16,0,128,16,16,1,64,128,1
"KERNEL_DISPATCH","Agent 2",1,0,4057937,486,26,"k_linear_f32(float const*, float const*, float*, int, int, int, int)",2114,695615260050779,695615260065060,0,0,16,0,128,16,16,1,64,128,1
"KERNEL_DISPATCH","Agent 2",1,0,4057937,487,26,"k_linear_f32(float const*, float const*, float*, int, int, int, int)",2122,695615260324262,695615260338702,0,0,16,0,128,16,16,1,64,128,1
"KERNEL_DISPATCH","Agent 2",1,0,4057937,488,5,"__amd_rocclr_copyBuffer",2127,695615260481984,695615260484544,0,0,16,0,128,512,1,1,512,1,1
"KERNEL_DISPATCH","Agent 2",1,0,4057937,489,26,"k_linear_f32(float const*, float const*, float*, int, int, int, int)",2130,695615260504664,695615260508864,0,0,16,0,128,16,16,1,16,128,1
"KERNEL_DISPATCH","Agent 2",1,0,4057937,490,5,"__amd_rocclr_copyBuffer",2132,695615260511904,695615260513424,0,0,16,0,128,512,1,1,512,1,1
"KERNEL_DISPATCH","Agent 2",1,0,4057937,491,5,"__amd_rocclr_copyBuffer",2134,695615260541705,695615260543905,0,0,16,0,128,512,1,1,512,1,1
"KERNEL_DISPATCH","Agent 2",1,0,4057937,492,5,"__amd_rocclr_copyBuffer",2135,695615260563865,695615260566545,0,0,16,0,128,512,1,1,512,1,1
"KERNEL_DISPATCH","Agent 2",1,0,4057937,493,26,"k_linear_f32(float const*, float const*, float*, int, int, int, int)",2138,695615260586745,695615260588425,0,0,16,0,128,16,16,1,64,128,1
"KERNEL_DISPATCH","Agent 2",1,0,4057937,494,5,"__amd_rocclr_copyBuffer",2143,695615260645786,695615260648786,0,0,16,0,128,512,1,1,1024,1,1
"KERNEL_DISPATCH","Agent 2",1,0,4057937,495,26,"k_linear_f32(float const*, float const*, float*, int, int, int, int)",2146,695615260669026,695615260672266,0,0,16,0,128,16,16,1,64,128,1
"KERNEL_DISPATCH","Agent 2",1,0,4057937,496,5,"__amd_rocclr_copyBuffer",2151,695615260760107,695615260762787,0,0,16,0,128,512,1,1,1024,1,1
"KERNEL_DISPATCH","Agent 2",1,0,4057937,497,26,"k_linear_f32(float const*, float const*, float*, int, int, int, int)",2154,695615260783507,695615260786827,0,0,16,0,128,16,16,1,64,128,1
"KERNEL_DISPATCH","Agent 2",1,0,4057937,498,5,"__amd_rocclr_copyBuffer",2159,695615260878108,695615260880748,0,0,16,0,128,512,1,1,1024,1,1
"KERNEL_DISPATCH","Agent 2",1,0,4057937,499,26,"k_linear_f32(float const*, float const*, float*, int, int, int, int)",2162,695615260901508,695615260904788,0,0,16,0,128,16,16,1,64,128,1
"KERNEL_DISPATCH","Agent 2",1,0,4057937,500,5,"__amd_rocclr_copyBuffer",2166,695615260949949,695615260951949,0,0,16,0,128,512,1,1,512,1,1
"KERNEL_DISPATCH","Agent 2",1,0,4057937,501,5,"__amd_rocclr_copyBuffer",2168,695615261002309,695615261004349,0,0,16,0,128,512,1,1,512,1,1
"KERNEL_DISPATCH","Agent 2",1,0,4057937,502,24,"k_sgd_f32(float*, float const*, float const*, int, int, int, int, float)",2171,695615261024869,695615261044830,0,0,16,0,128,16,16,1,80,16,1
"KERNEL_DISPATCH","Agent 2",1,0,4057937,503,5,"__amd_rocclr_copyBuffer",2173,695615261048230,695615261049670,0,0,16,0,128,512,1,1,512,1,1
"KERNEL_DISPATCH","Agent 2",1,0,4057937,504,24,"k_sgd_f32(float*, float const*, float const*, int, int, int, int, float)",2180,695615261205231,695615261279512,0,0,16,0,128,16,16,1,224,64,1
"KERNEL_DISPATCH","Agent 2",1,0,4057937,505,26,"k_linear_f32(float const*, float const*, float*, int, int, int, int)",2188,695615263651737,695615263671937,0,0,16,0,128,16,16,1,64,128,1
"KERNEL_DISPATCH","Agent 2",1,0,4057937,506,26,"k_linear_f32(float const*, float const*, float*, int, int, int, int)",2196,695615263949780,695615263966140,0,0,16,0,128,16,16,1,64,128,1
"KERNEL_DISPATCH","Agent 2",1,0,4057937,507,26,"k_linear_f32(float const*, float const*, float*, int, int, int, int)",2204,695615264202822,695615264217302,0,0,16,0,128,16,16,1,64,128,1
"KERNEL_DISPATCH","Agent 2",1,0,4057937,508,26,"k_linear_f32(float const*, float const*, float*, int, int, int, int)",2212,695615264446705,695615264460945,0,0,16,0,128,16,16,1,64,128,1
"KERNEL_DISPATCH","Agent 2",1,0,4057937,509,5,"__amd_rocclr_copyBuffer",2217,695615264667547,695615264669547,0,0,16,0,128,512,1,1,512,1,1
"KERNEL_DISPATCH","Agent 2",1,0,4057937,510,26,"k_linear_f32(float const*, float const*, float*, int, int, int, int)",2220,695615264690187,695615264694707,0,0,16,0,128,16,16,1,16,128,1
"KERNEL_DISPATCH","Agent 2",1,0,4057937,511,5,"__amd_rocclr_copyBuffer",2222,695615264697947,695615264699827,0,0,16,0,128,512,1,1,512,1,1
