"Kind","Direction","Stream_Id","Source_Agent_Id","Destination_Agent_Id","Correlation_Id","Start_Timestamp","End_Timestamp"
"MEMORY_COPY","MEMORY_COPY_HOST_TO_DEVICE",0,"Agent 0","Agent 2",22,695615074904505,695615074913505
"MEMORY_COPY","MEMORY_COPY_HOST_TO_DEVICE",0,"Agent 0","Agent 2",23,695615074982065,695615074989225
"MEMORY_COPY","MEMORY_COPY_DEVICE_TO_HOST",0,"Agent 2","Agent 0",28,695615075649107,695615075654467
"MEMORY_COPY","MEMORY_COPY_HOST_TO_DEVICE",0,"Agent 0","Agent 2",30,695615075783068,695615075790868
"MEMORY_COPY","MEMORY_COPY_HOST_TO_DEVICE",0,"Agent 0","Agent 2",31,695615075805708,695615075812228
"MEMORY_COPY","MEMORY_COPY_DEVICE_TO_HOST",0,"Agent 2","Agent 0",36,695615075866028,695615075871508
"MEMORY_COPY","MEMORY_COPY_HOST_TO_DEVICE",0,"Agent 0","Agent 2",38,695615075987309,695615075996029
"MEMORY_COPY","MEMORY_COPY_HOST_TO_DEVICE",0,"Agent 0","Agent 2",39,695615076011309,695615076017829
"MEMORY_COPY","MEMORY_COPY_DEVICE_TO_HOST",0,"Agent 2","Agent 0",44,695615076068389,695615076073709
"MEMORY_COPY","MEMORY_COPY_HOST_TO_DEVICE",0,"Agent 0","Agent 2",46,695615076190789,695615076199189
"MEMORY_COPY","MEMORY_COPY_HOST_TO_DEVICE",0,"Agent 0","Agent 2",47,695615076213869,695615076220390
"MEMORY_COPY","MEMORY_COPY_DEVICE_TO_HOST",0,"Agent 2","Agent 0",52,695615076271670,695615076277150
"MEMORY_COPY","MEMORY_COPY_HOST_TO_DEVICE",0,"Agent 0","Agent 2",54,695615076380310,695615076385790
"MEMORY_COPY","MEMORY_COPY_DEVICE_TO_HOST",0,"Agent 2","Agent 0",68,695615076546831,695615076552151
"MEMORY_COPY","MEMORY_COPY_HOST_TO_DEVICE",0,"Agent 0","Agent 2",70,695615076578471,695615076584311
"MEMORY_COPY","MEMORY_COPY_DEVICE_TO_HOST",0,"Agent 2","Agent 0",76,695615076648031,695615076653551
"MEMORY_COPY","MEMORY_COPY_HOST_TO_DEVICE",0,"Agent 0","Agent 2",78,695615076673431,695615076679351
"MEMORY_COPY","MEMORY_COPY_DEVICE_TO_HOST",0,"Agent 2","Agent 0",84,695615076741712,695615076747112
"MEMORY_COPY","MEMORY_COPY_HOST_TO_DEVICE",0,"Agent 0","Agent 2",86,695615076767792,695615076773592
"MEMORY_COPY","MEMORY_COPY_DEVICE_TO_HOST",0,"Agent 2","Agent 0",92,695615076837112,695615076842512
"MEMORY_COPY","MEMORY_COPY_HOST_TO_DEVICE",0,"Agent 0","Agent 2",95,695615076894432,695615076899512
"MEMORY_COPY","MEMORY_COPY_HOST_TO_DEVICE",0,"Agent 0","Agent 2",105,695615077073553,695615077079513
"MEMORY_COPY","MEMORY_COPY_HOST_TO_DEVICE",0,"Agent 0","Agent 2",106,695615077110113,695615077129753
"MEMORY_COPY","MEMORY_COPY_HOST_TO_DEVICE",0,"Agent 0","Agent 2",107,695615077145153,695615077154673
"MEMORY_COPY","MEMORY_COPY_DEVICE_TO_HOST",0,"Agent 2","Agent 0",112,695615077278634,695615077284914
"MEMORY_COPY","MEMORY_COPY_HOST_TO_DEVICE",0,"Agent 0","Agent 2",114,695615077309514,695615077318634
"MEMORY_COPY","MEMORY_COPY_HOST_TO_DEVICE",0,"Agent 0","Agent 2",115,695615077333634,695615077340194
"MEMORY_COPY","MEMORY_COPY_DEVICE_TO_HOST",0,"Agent 2","Agent 0",120,695615077393754,695615077399514
"MEMORY_COPY","MEMORY_COPY_HOST_TO_DEVICE",0,"Agent 0","Agent 2",122,695615077518155,695615077527155
"MEMORY_COPY","MEMORY_COPY_HOST_TO_DEVICE",0,"Agent 0","Agent 2",123,695615077542355,695615077548995
"MEMORY_COPY","MEMORY_COPY_DEVICE_TO_HOST",0,"Agent 2","Agent 0",128,695615077601555,695615077607275
"MEMORY_COPY","MEMORY_COPY_HOST_TO_DEVICE",0,"Agent 0","Agent 2",130,695615077715475,695615077723595
"MEMORY_COPY","MEMORY_COPY_HOST_TO_DEVICE",0,"Agent 0","Agent 2",131,695615077738315,695615077744795
"MEMORY_COPY","MEMORY_COPY_DEVICE_TO_HOST",0,"Agent 2","Agent 0",136,695615077796716,695615077802236
"MEMORY_COPY","MEMORY_COPY_HOST_TO_DEVICE",0,"Agent 0","Agent 2",138,695615077911956,695615077919876
"MEMORY_COPY","MEMORY_COPY_HOST_TO_DEVICE",0,"Agent 0","Agent 2",139,695615077934436,695615077940956
"MEMORY_COPY","MEMORY_COPY_DEVICE_TO_HOST",0,"Agent 2","Agent 0",144,695615077992836,695615077998236
"MEMORY_COPY","MEMORY_COPY_HOST_TO_DEVICE",0,"Agent 0","Agent 2",146,695615078112637,695615078118157
"MEMORY_COPY","MEMORY_COPY_DEVICE_TO_HOST",0,"Agent 2","Agent 0",160,695615078274038,695615078279518
"MEMORY_COPY","MEMORY_COPY_HOST_TO_DEVICE",0,"Agent 0","Agent 2",162,695615078294718,695615078300598
"MEMORY_COPY","MEMORY_COPY_DEVICE_TO_HOST",0,"Agent 2","Agent 0",168,695615078364838,695615078370278
"MEMORY_COPY","MEMORY_COPY_HOST_TO_DEVICE",0,"Agent 0","Agent 2",170,695615078385718,695615078391478
"MEMORY_COPY","MEMORY_COPY_DEVICE_TO_HOST",0,"Agent 2","Agent 0",176,695615078454776,695615078460256
"MEMORY_COPY","MEMORY_COPY_HOST_TO_DEVICE",0,"Agent 0","Agent 2",178,695615078475816,695615078481536
"MEMORY_COPY","MEMORY_COPY_DEVICE_TO_HOST",0,"Agent 2","Agent 0",184,695615078544857,695615078550297
"MEMORY_COPY","MEMORY_COPY_HOST_TO_DEVICE",0,"Agent 0","Agent 2",187,695615078601258,695615078606098
"MEMORY_COPY","MEMORY_COPY_HOST_TO_DEVICE",0,"Agent 0","Agent 2",195,695615078704100,695615078709780
"MEMORY_COPY","MEMORY_COPY_HOST_TO_DEVICE",0,"Agent 0","Agent 2",196,695615078734460,695615078754340
"MEMORY_COPY","MEMORY_COPY_HOST_TO_DEVICE",0,"Agent 0","Agent 2",197,695615078769820,695615078779141
"MEMORY_COPY","MEMORY_COPY_DEVICE_TO_HOST",0,"Agent 2","Agent 0",202,695615078895422,695615078901662
"MEMORY_COPY","MEMORY_COPY_HOST_TO_DEVICE",0,"Agent 0","Agent 2",204,695615078923983,695615078932383
"MEMORY_COPY","MEMORY_COPY_HOST_TO_DEVICE",0,"Agent 0","Agent 2",205,695615078947103,695615078954303
"MEMORY_COPY","MEMORY_COPY_DEVICE_TO_HOST",0,"Agent 2","Agent 0",210,695615079004784,695615079010384
"MEMORY_COPY","MEMORY_COPY_HOST_TO_DEVICE",0,"Agent 0","Agent 2",212,695615079133146,695615079141226
"MEMORY_COPY","MEMORY_COPY_HOST_TO_DEVICE",0,"Agent 0","Agent 2",213,695615079155906,695615079162426
"MEMORY_COPY","MEMORY_COPY_DEVICE_TO_HOST",0,"Agent 2","Agent 0",218,695615079214027,695615079219467
"MEMORY_COPY","MEMORY_COPY_HOST_TO_DEVICE",0,"Agent 0","Agent 2",220,695615079327388,695615079336308
"MEMORY_COPY","MEMORY_COPY_HOST_TO_DEVICE",0,"Agent 0","Agent 2",221,695615079350829,695615079357269
"MEMORY_COPY","MEMORY_COPY_DEVICE_TO_HOST",0,"Agent 2","Agent 0",226,695615079407589,695615079413150
"MEMORY_COPY","MEMORY_COPY_HOST_TO_DEVICE",0,"Agent 0","Agent 2",228,695615079526591,695615079534511
"MEMORY_COPY","MEMORY_COPY_HOST_TO_DEVICE",0,"Agent 0","Agent 2",229,695615079550152,695615079556112
"MEMORY_COPY","MEMORY_COPY_DEVICE_TO_HOST",0,"Agent 2","Agent 0",234,695615079615752,695615079621193
"MEMORY_COPY","MEMORY_COPY_HOST_TO_DEVICE",0,"Agent 0","Agent 2",236,695615079716354,695615079721634
"MEMORY_COPY","MEMORY_COPY_DEVICE_TO_HOST",0,"Agent 2","Agent 0",250,695615079873556,695615079879036
"MEMORY_COPY","MEMORY_COPY_HOST_TO_DEVICE",0,"Agent 0","Agent 2",252,695615079894476,695615079900236
"MEMORY_COPY","MEMORY_COPY_DEVICE_TO_HOST",0,"Agent 2","Agent 0",258,695615079961277,695615079966717
"MEMORY_COPY","MEMORY_COPY_HOST_TO_DEVICE",0,"Agent 0","Agent 2",260,695615079981998,695615079987878
"MEMORY_COPY","MEMORY_COPY_DEVICE_TO_HOST",0,"Agent 2","Agent 0",266,695615080050599,695615080055999
"MEMORY_COPY","MEMORY_COPY_HOST_TO_DEVICE",0,"Agent 0","Agent 2",268,695615080071439,695615080077279
"MEMORY_COPY","MEMORY_COPY_DEVICE_TO_HOST",0,"Agent 2","Agent 0",274,695615080140280,695615080145680
"MEMORY_COPY","MEMORY_COPY_HOST_TO_DEVICE",0,"Agent 0","Agent 2",277,695615080197841,695615080202801
"MEMORY_COPY","MEMORY_COPY_HOST_TO_DEVICE",0,"Agent 0","Agent 2",285,695615080300962,695615080306522
"MEMORY_COPY","MEMORY_COPY_HOST_TO_DEVICE",0,"Agent 0","Agent 2",286,695615080325522,695615080345083
"MEMORY_COPY","MEMORY_COPY_HOST_TO_DEVICE",0,"Agent 0","Agent 2",287,695615080359923,695615080369283
"MEMORY_COPY","MEMORY_COPY_DEVICE_TO_HOST",0,"Agent 2","Agent 0",292,695615080486125,695615080492325
"MEMORY_COPY","MEMORY_COPY_HOST_TO_DEVICE",0,"Agent 0","Agent 2",294,695615080512725,695615080521205
"MEMORY_COPY","MEMORY_COPY_HOST_TO_DEVICE",0,"Agent 0","Agent 2",295,695615080536165,695615080542846
"MEMORY_COPY","MEMORY_COPY_DEVICE_TO_HOST",0,"Agent 2","Agent 0",300,695615080592726,695615080598206
"MEMORY_COPY","MEMORY_COPY_HOST_TO_DEVICE",0,"Agent 0","Agent 2",302,695615080693168,695615080704168
"MEMORY_COPY","MEMORY_COPY_HOST_TO_DEVICE",0,"Agent 0","Agent 2",303,695615080718968,695615080725648
"MEMORY_COPY","MEMORY_COPY_DEVICE_TO_HOST",0,"Agent 2","Agent 0",308,695615080776369,695615080781929
"MEMORY_COPY","MEMORY_COPY_HOST_TO_DEVICE",0,"Agent 0","Agent 2",310,695615080877570,695615080886210
"MEMORY_COPY","MEMORY_COPY_HOST_TO_DEVICE",0,"Agent 0","Agent 2",311,695615080901451,695615080908051
"MEMORY_COPY","MEMORY_COPY_DEVICE_TO_HOST",0,"Agent 2","Agent 0",316,695615080958491,695615080964051
"MEMORY_COPY","MEMORY_COPY_HOST_TO_DEVICE",0,"Agent 0","Agent 2",318,695615081060253,695615081068813
"MEMORY_COPY","MEMORY_COPY_HOST_TO_DEVICE",0,"Agent 0","Agent 2",319,695615081083493,695615081090133
"MEMORY_COPY","MEMORY_COPY_DEVICE_TO_HOST",0,"Agent 2","Agent 0",324,695615081141214,695615081146614
"MEMORY_COPY","MEMORY_COPY_HOST_TO_DEVICE",0,"Agent 0","Agent 2",326,695615081231575,695615081237575
"MEMORY_COPY","MEMORY_COPY_DEVICE_TO_HOST",0,"Agent 2","Agent 0",340,695615081386617,695615081392018
"MEMORY_COPY","MEMORY_COPY_HOST_TO_DEVICE",0,"Agent 0","Agent 2",342,695615081407178,695615081412938
"MEMORY_COPY","MEMORY_COPY_DEVICE_TO_HOST",0,"Agent 2","Agent 0",348,695615081476299,695615081481739
"MEMORY_COPY","MEMORY_COPY_HOST_TO_DEVICE",0,"Agent 0","Agent 2",350,695615081498179,695615081503979
"MEMORY_COPY","MEMORY_COPY_DEVICE_TO_HOST",0,"Agent 2","Agent 0",356,695615082042267,695615082047747
"MEMORY_COPY","MEMORY_COPY_HOST_TO_DEVICE",0,"Agent 0","Agent 2",358,695615082064787,695615082070627
"MEMORY_COPY","MEMORY_COPY_DEVICE_TO_HOST",0,"Agent 2","Agent 0",364,695615082165188,695615082170189
"MEMORY_COPY","MEMORY_COPY_HOST_TO_DEVICE",0,"Agent 0","Agent 2",367,695615082221229,695615082226069
"MEMORY_COPY","MEMORY_COPY_HOST_TO_DEVICE",0,"Agent 0","Agent 2",375,695615082333831,695615082339431
"MEMORY_COPY","MEMORY_COPY_HOST_TO_DEVICE",0,"Agent 0","Agent 2",376,695615082359591,695615082379471
"MEMORY_COPY","MEMORY_COPY_HOST_TO_DEVICE",0,"Agent 0","Agent 2",377,695615082394832,695615082404272
"MEMORY_COPY","MEMORY_COPY_DEVICE_TO_HOST",0,"Agent 2","Agent 0",382,695615082536754,695615082543354
"MEMORY_COPY","MEMORY_COPY_HOST_TO_DEVICE",0,"Agent 0","Agent 2",384,695615082572554,695615082581314
"MEMORY_COPY","MEMORY_COPY_HOST_TO_DEVICE",0,"Agent 0","Agent 2",385,695615082595555,695615082603315
"MEMORY_COPY","MEMORY_COPY_DEVICE_TO_HOST",0,"Agent 2","Agent 0",390,695615082649435,695615082654995
"MEMORY_COPY","MEMORY_COPY_HOST_TO_DEVICE",0,"Agent 0","Agent 2",392,695615082746639,695615082755119
"MEMORY_COPY","MEMORY_COPY_HOST_TO_DEVICE",0,"Agent 0","Agent 2",393,695615082770639,695615082777199
"MEMORY_COPY","MEMORY_COPY_DEVICE_TO_HOST",0,"Agent 2","Agent 0",398,695615082822879,695615082828359
"MEMORY_COPY","MEMORY_COPY_HOST_TO_DEVICE",0,"Agent 0","Agent 2",400,695615082921280,695615082929920
"MEMORY_COPY","MEMORY_COPY_HOST_TO_DEVICE",0,"Agent 0","Agent 2",401,695615082943720,695615082950240
"MEMORY_COPY","MEMORY_COPY_DEVICE_TO_HOST",0,"Agent 2","Agent 0",406,695615082997680,695615083002600
"MEMORY_COPY","MEMORY_COPY_HOST_TO_DEVICE",0,"Agent 0","Agent 2",408,695615083156921,695615083165041
"MEMORY_COPY","MEMORY_COPY_HOST_TO_DEVICE",0,"Agent 0","Agent 2",409,695615083178401,695615083184881
"MEMORY_COPY","MEMORY_COPY_DEVICE_TO_HOST",0,"Agent 2","Agent 0",414,695615083230362,695615083235882
"MEMORY_COPY","MEMORY_COPY_HOST_TO_DEVICE",0,"Agent 0","Agent 2",416,695615083345362,695615083350883
"MEMORY_COPY","MEMORY_COPY_DEVICE_TO_HOST",0,"Agent 2","Agent 0",430,695615083499364,695615083504364
"MEMORY_COPY","MEMORY_COPY_HOST_TO_DEVICE",0,"Agent 0","Agent 2",432,695615083521164,695615083526924
"MEMORY_COPY","MEMORY_COPY_DEVICE_TO_HOST",0,"Agent 2","Agent 0",438,695615083585364,695615083590684
"MEMORY_COPY","MEMORY_COPY_HOST_TO_DEVICE",0,"Agent 0","Agent 2",440,695615083605804,695615083611644
"MEMORY_COPY","MEMORY_COPY_DEVICE_TO_HOST",0,"Agent 2","Agent 0",446,695615083665965,695615083671405
"MEMORY_COPY","MEMORY_COPY_HOST_TO_DEVICE",0,"Agent 0","Agent 2",448,695615083687085,695615083692365
"MEMORY_COPY","MEMORY_COPY_DEVICE_TO_HOST",0,"Agent 2","Agent 0",454,695615083750685,695615083756165
"MEMORY_COPY","MEMORY_COPY_HOST_TO_DEVICE",0,"Agent 0","Agent 2",457,695615083801406,695615083806406
"MEMORY_COPY","MEMORY_COPY_HOST_TO_DEVICE",0,"Agent 0","Agent 2",465,695615083897406,695615083902966
"MEMORY_COPY","MEMORY_COPY_HOST_TO_DEVICE",0,"Agent 0","Agent 2",466,695615083919246,695615083938967
"MEMORY_COPY","MEMORY_COPY_HOST_TO_DEVICE",0,"Agent 0","Agent 2",467,695615083952407,695615083961687
"MEMORY_COPY","MEMORY_COPY_DEVICE_TO_HOST",0,"Agent 2","Agent 0",472,695615084074207,695615084080488
"MEMORY_COPY","MEMORY_COPY_HOST_TO_DEVICE",0,"Agent 0","Agent 2",474,695615084097208,695615084105688
"MEMORY_COPY","MEMORY_COPY_HOST_TO_DEVICE",0,"Agent 0","Agent 2",475,695615084119848,695615084125848
"MEMORY_COPY","MEMORY_COPY_DEVICE_TO_HOST",0,"Agent 2","Agent 0",480,695615084171008,695615084176608
"MEMORY_COPY","MEMORY_COPY_HOST_TO_DEVICE",0,"Agent 0","Agent 2",482,695615084294169,695615084302129
"MEMORY_COPY","MEMORY_COPY_HOST_TO_DEVICE",0,"Agent 0","Agent 2",483,695615084316609,695615084323169
"MEMORY_COPY","MEMORY_COPY_DEVICE_TO_HOST",0,"Agent 2","Agent 0",488,695615084368129,695615084373690
"MEMORY_COPY","MEMORY_COPY_HOST_TO_DEVICE",0,"Agent 0","Agent 2",490,695615084486650,695615084495050
"MEMORY_COPY","MEMORY_COPY_HOST_TO_DEVICE",0,"Agent 0","Agent 2",491,695615084508850,695615084515290
"MEMORY_COPY","MEMORY_COPY_DEVICE_TO_HOST",0,"Agent 2","Agent 0",496,695615084560611,695615084566171
"MEMORY_COPY","MEMORY_COPY_HOST_TO_DEVICE",0,"Agent 0","Agent 2",498,695615084679732,695615084687852
"MEMORY_COPY","MEMORY_COPY_HOST_TO_DEVICE",0,"Agent 0","Agent 2",499,695615084701052,695615084707572
"MEMORY_COPY","MEMORY_COPY_DEVICE_TO_HOST",0,"Agent 2","Agent 0",504,695615084753172,695615084758732
"MEMORY_COPY","MEMORY_COPY_HOST_TO_DEVICE",0,"Agent 0","Agent 2",506,695615084871093,695615084876333
"MEMORY_COPY","MEMORY_COPY_DEVICE_TO_HOST",0,"Agent 2","Agent 0",520,695615085018574,695615085024094
"MEMORY_COPY","MEMORY_COPY_HOST_TO_DEVICE",0,"Agent 0","Agent 2",522,695615085038974,695615085044894
"MEMORY_COPY","MEMORY_COPY_DEVICE_TO_HOST",0,"Agent 2","Agent 0",528,695615085100654,695615085106135
"MEMORY_COPY","MEMORY_COPY_HOST_TO_DEVICE",0,"Agent 0","Agent 2",530,695615085119975,695615085125815
"MEMORY_COPY","MEMORY_COPY_DEVICE_TO_HOST",0,"Agent 2","Agent 0",536,695615085182615,695615085188095
"MEMORY_COPY","MEMORY_COPY_HOST_TO_DEVICE",0,"Agent 0","Agent 2",538,695615085202935,695615085208695
"MEMORY_COPY","MEMORY_COPY_DEVICE_TO_HOST",0,"Agent 2","Agent 0",544,695615085265136,695615085270656
"MEMORY_COPY","MEMORY_COPY_HOST_TO_DEVICE",0,"Agent 0","Agent 2",547,695615085315136,695615085319976
"MEMORY_COPY","MEMORY_COPY_HOST_TO_DEVICE",0,"Agent 0","Agent 2",555,695615085416977,695615085422657
"MEMORY_COPY","MEMORY_COPY_HOST_TO_DEVICE",0,"Agent 0","Agent 2",556,695615085438777,695615085458417
"MEMORY_COPY","MEMORY_COPY_HOST_TO_DEVICE",0,"Agent 0","Agent 2",557,695615085472097,695615085481297
"MEMORY_COPY","MEMORY_COPY_DEVICE_TO_HOST",0,"Agent 2","Agent 0",562,695615085592818,695615085599138
"MEMORY_COPY","MEMORY_COPY_HOST_TO_DEVICE",0,"Agent 0","Agent 2",564,695615085616178,695615085624698
"MEMORY_COPY","MEMORY_COPY_HOST_TO_DEVICE",0,"Agent 0","Agent 2",565,695615085637938,695615085644458
"MEMORY_COPY","MEMORY_COPY_DEVICE_TO_HOST",0,"Agent 2","Agent 0",570,695615085690259,695615085695819
"MEMORY_COPY","MEMORY_COPY_HOST_TO_DEVICE",0,"Agent 0","Agent 2",572,695615085816819,695615085824819
"MEMORY_COPY","MEMORY_COPY_HOST_TO_DEVICE",0,"Agent 0","Agent 2",573,695615085838580,695615085845060
"MEMORY_COPY","MEMORY_COPY_DEVICE_TO_HOST",0,"Agent 2","Agent 0",578,695615085890540,695615085896020
"MEMORY_COPY","MEMORY_COPY_HOST_TO_DEVICE",0,"Agent 0","Agent 2",580,695615086005021,695615086012861
"MEMORY_COPY","MEMORY_COPY_HOST_TO_DEVICE",0,"Agent 0","Agent 2",581,695615086026621,695615086033261
"MEMORY_COPY","MEMORY_COPY_DEVICE_TO_HOST",0,"Agent 2","Agent 0",586,695615086078821,695615086084381
"MEMORY_COPY","MEMORY_COPY_HOST_TO_DEVICE",0,"Agent 0","Agent 2",588,695615086199742,695615086207582
"MEMORY_COPY","MEMORY_COPY_HOST_TO_DEVICE",0,"Agent 0","Agent 2",589,695615086222022,695615086228302
"MEMORY_COPY","MEMORY_COPY_DEVICE_TO_HOST",0,"Agent 2","Agent 0",594,695615086273822,695615086279543
"MEMORY_COPY","MEMORY_COPY_HOST_TO_DEVICE",0,"Agent 0","Agent 2",596,695615086386543,695615086392063
"MEMORY_COPY","MEMORY_COPY_DEVICE_TO_HOST",0,"Agent 2","Agent 0",610,695615086535424,695615086540504
"MEMORY_COPY","MEMORY_COPY_HOST_TO_DEVICE",0,"Agent 0","Agent 2",612,695615086555384,695615086561144
"MEMORY_COPY","MEMORY_COPY_DEVICE_TO_HOST",0,"Agent 2","Agent 0",618,695615086617945,695615086623425
"MEMORY_COPY","MEMORY_COPY_HOST_TO_DEVICE",0,"Agent 0","Agent 2",620,695615086637185,695615086642985
"MEMORY_COPY","MEMORY_COPY_DEVICE_TO_HOST",0,"Agent 2","Agent 0",626,695615086697505,695615086703025
"MEMORY_COPY","MEMORY_COPY_HOST_TO_DEVICE",0,"Agent 0","Agent 2",628,695615086717906,695615086723906
"MEMORY_COPY","MEMORY_COPY_DEVICE_TO_HOST",0,"Agent 2","Agent 0",634,695615086779226,695615086784746
"MEMORY_COPY","MEMORY_COPY_HOST_TO_DEVICE",0,"Agent 0","Agent 2",637,695615086828306,695615086833106
"MEMORY_COPY","MEMORY_COPY_HOST_TO_DEVICE",0,"Agent 0","Agent 2",645,695615086926027,695615086931587
"MEMORY_COPY","MEMORY_COPY_HOST_TO_DEVICE",0,"Agent 0","Agent 2",646,695615086947347,695615086966827
"MEMORY_COPY","MEMORY_COPY_HOST_TO_DEVICE",0,"Agent 0","Agent 2",647,695615086980507,695615086989787
"MEMORY_COPY","MEMORY_COPY_DEVICE_TO_HOST",0,"Agent 2","Agent 0",652,695615087101508,695615087107748
"MEMORY_COPY","MEMORY_COPY_HOST_TO_DEVICE",0,"Agent 0","Agent 2",654,695615087125508,695615087133868
"MEMORY_COPY","MEMORY_COPY_HOST_TO_DEVICE",0,"Agent 0","Agent 2",655,695615087147028,695615087153669
"MEMORY_COPY","MEMORY_COPY_DEVICE_TO_HOST",0,"Agent 2","Agent 0",660,695615087199429,695615087204949
"MEMORY_COPY","MEMORY_COPY_HOST_TO_DEVICE",0,"Agent 0","Agent 2",662,695615087321190,695615087329310
"MEMORY_COPY","MEMORY_COPY_HOST_TO_DEVICE",0,"Agent 0","Agent 2",663,695615087342790,695615087349550
"MEMORY_COPY","MEMORY_COPY_DEVICE_TO_HOST",0,"Agent 2","Agent 0",668,695615087397070,695615087402070
"MEMORY_COPY","MEMORY_COPY_HOST_TO_DEVICE",0,"Agent 0","Agent 2",670,695615087514951,695615087523631
"MEMORY_COPY","MEMORY_COPY_HOST_TO_DEVICE",0,"Agent 0","Agent 2",671,695615087536711,695615087543191
"MEMORY_COPY","MEMORY_COPY_DEVICE_TO_HOST",0,"Agent 2","Agent 0",676,695615087593752,695615087599272
"MEMORY_COPY","MEMORY_COPY_HOST_TO_DEVICE",0,"Agent 0","Agent 2",678,695615087709952,695615087717872
"MEMORY_COPY","MEMORY_COPY_HOST_TO_DEVICE",0,"Agent 0","Agent 2",679,695615087731072,695615087737592
"MEMORY_COPY","MEMORY_COPY_DEVICE_TO_HOST",0,"Agent 2","Agent 0",684,695615087788633,695615087794233
"MEMORY_COPY","MEMORY_COPY_HOST_TO_DEVICE",0,"Agent 0","Agent 2",686,695615087904474,695615087909994
"MEMORY_COPY","MEMORY_COPY_DEVICE_TO_HOST",0,"Agent 2","Agent 0",700,695615088048635,695615088054195
"MEMORY_COPY","MEMORY_COPY_HOST_TO_DEVICE",0,"Agent 0","Agent 2",702,695615088201846,695615088208366
"MEMORY_COPY","MEMORY_COPY_DEVICE_TO_HOST",0,"Agent 2","Agent 0",708,695615088298207,695615088303687
"MEMORY_COPY","MEMORY_COPY_HOST_TO_DEVICE",0,"Agent 0","Agent 2",710,695615088318607,695615088324527
"MEMORY_COPY","MEMORY_COPY_DEVICE_TO_HOST",0,"Agent 2","Agent 0",716,695615088381968,695615088387448
"MEMORY_COPY","MEMORY_COPY_HOST_TO_DEVICE",0,"Agent 0","Agent 2",718,695615088402648,695615088408648
"MEMORY_COPY","MEMORY_COPY_DEVICE_TO_HOST",0,"Agent 2","Agent 0",724,695615088465049,695615088470529
"MEMORY_COPY","MEMORY_COPY_HOST_TO_DEVICE",0,"Agent 0","Agent 2",727,695615088516929,695615088521690
"MEMORY_COPY","MEMORY_COPY_HOST_TO_DEVICE",0,"Agent 0","Agent 2",735,695615088614251,695615088619851
"MEMORY_COPY","MEMORY_COPY_HOST_TO_DEVICE",0,"Agent 0","Agent 2",736,695615088634611,695615088654451
"MEMORY_COPY","MEMORY_COPY_HOST_TO_DEVICE",0,"Agent 0","Agent 2",737,695615088668451,695615088679572
"MEMORY_COPY","MEMORY_COPY_DEVICE_TO_HOST",0,"Agent 2","Agent 0",742,695615088791173,695615088797373
"MEMORY_COPY","MEMORY_COPY_HOST_TO_DEVICE",0,"Agent 0","Agent 2",744,695615229445585,695615229460145
"MEMORY_COPY","MEMORY_COPY_HOST_TO_DEVICE",0,"Agent 0","Agent 2",745,695615229479185,695615229518825
"MEMORY_COPY","MEMORY_COPY_DEVICE_TO_HOST",0,"Agent 2","Agent 0",750,695615229592586,695615229604426
"MEMORY_COPY","MEMORY_COPY_HOST_TO_DEVICE",0,"Agent 0","Agent 2",752,695615229709187,695615229729147
"MEMORY_COPY","MEMORY_COPY_HOST_TO_DEVICE",0,"Agent 0","Agent 2",753,695615229741387,695615229746707
"MEMORY_COPY","MEMORY_COPY_DEVICE_TO_HOST",0,"Agent 2","Agent 0",758,695615229808188,695615229819948
"MEMORY_COPY","MEMORY_COPY_HOST_TO_DEVICE",0,"Agent 0","Agent 2",760,695615229923309,695615229936229
"MEMORY_COPY","MEMORY_COPY_HOST_TO_DEVICE",0,"Agent 0","Agent 2",761,695615229946349,695615229951589
"MEMORY_COPY","MEMORY_COPY_DEVICE_TO_HOST",0,"Agent 2","Agent 0",766,695615230003950,695615230013790
"MEMORY_COPY","MEMORY_COPY_HOST_TO_DEVICE",0,"Agent 0","Agent 2",768,695615230182312,695615230194952
"MEMORY_COPY","MEMORY_COPY_HOST_TO_DEVICE",0,"Agent 0","Agent 2",769,695615230204792,695615230209952
"MEMORY_COPY","MEMORY_COPY_DEVICE_TO_HOST",0,"Agent 2","Agent 0",774,695615230259393,695615230269273
"MEMORY_COPY","MEMORY_COPY_HOST_TO_DEVICE",0,"Agent 0","Agent 2",776,695615230431994,695615230440235
"MEMORY_COPY","MEMORY_COPY_DEVICE_TO_HOST",0,"Agent 2","Agent 0",790,695615230650437,695615230658517
"MEMORY_COPY","MEMORY_COPY_HOST_TO_DEVICE",0,"Agent 0","Agent 2",792,695615230693357,695615230703077
"MEMORY_COPY","MEMORY_COPY_DEVICE_TO_HOST",0,"Agent 2","Agent 0",798,695615230762558,695615230771958
"MEMORY_COPY","MEMORY_COPY_HOST_TO_DEVICE",0,"Agent 0","Agent 2",800,695615230782638,695615230786398
"MEMORY_COPY","MEMORY_COPY_DEVICE_TO_HOST",0,"Agent 2","Agent 0",806,695615230845279,695615230854559
"MEMORY_COPY","MEMORY_COPY_HOST_TO_DEVICE",0,"Agent 0","Agent 2",808,695615230888479,695615230904639
"MEMORY_COPY","MEMORY_COPY_DEVICE_TO_HOST",0,"Agent 2","Agent 0",814,695615230963360,695615230972760
"MEMORY_COPY","MEMORY_COPY_HOST_TO_DEVICE",0,"Agent 0","Agent 2",817,695615231021321,695615231027401
"MEMORY_COPY","MEMORY_COPY_HOST_TO_DEVICE",0,"Agent 0","Agent 2",825,695615231119042,695615231126562
"MEMORY_COPY","MEMORY_COPY_HOST_TO_DEVICE",0,"Agent 0","Agent 2",826,695615231158682,695615231182442
"MEMORY_COPY","MEMORY_COPY_HOST_TO_DEVICE",0,"Agent 0","Agent 2",827,695615231216803,695615231230123
"MEMORY_COPY","MEMORY_COPY_DEVICE_TO_HOST",0,"Agent 2","Agent 0",832,695615231346164,695615231356324
"MEMORY_COPY","MEMORY_COPY_HOST_TO_DEVICE",0,"Agent 0","Agent 2",834,695615231371884,695615231401444
"MEMORY_COPY","MEMORY_COPY_HOST_TO_DEVICE",0,"Agent 0","Agent 2",835,695615231411645,695615231416165
"MEMORY_COPY","MEMORY_COPY_DEVICE_TO_HOST",0,"Agent 2","Agent 0",840,695615231461605,695615231471245
"MEMORY_COPY","MEMORY_COPY_HOST_TO_DEVICE",0,"Agent 0","Agent 2",842,695615231639967,695615231652407
"MEMORY_COPY","MEMORY_COPY_HOST_TO_DEVICE",0,"Agent 0","Agent 2",843,695615231662127,695615231666607
"MEMORY_COPY","MEMORY_COPY_DEVICE_TO_HOST",0,"Agent 2","Agent 0",848,695615231714448,695615231723688
"MEMORY_COPY","MEMORY_COPY_HOST_TO_DEVICE",0,"Agent 0","Agent 2",850,695615231878329,695615231890809
"MEMORY_COPY","MEMORY_COPY_HOST_TO_DEVICE",0,"Agent 0","Agent 2",851,695615231900490,695615231905290
"MEMORY_COPY","MEMORY_COPY_DEVICE_TO_HOST",0,"Agent 2","Agent 0",856,695615231950490,695615231959890
"MEMORY_COPY","MEMORY_COPY_HOST_TO_DEVICE",0,"Agent 0","Agent 2",858,695615232116492,695615232129092
"MEMORY_COPY","MEMORY_COPY_HOST_TO_DEVICE",0,"Agent 0","Agent 2",859,695615232139292,695615232144172
"MEMORY_COPY","MEMORY_COPY_DEVICE_TO_HOST",0,"Agent 2","Agent 0",864,695615232189053,695615232198533
"MEMORY_COPY","MEMORY_COPY_HOST_TO_DEVICE",0,"Agent 0","Agent 2",866,695615232355214,695615232365254
"MEMORY_COPY","MEMORY_COPY_DEVICE_TO_HOST",0,"Agent 2","Agent 0",880,695615232563656,695615232573096
"MEMORY_COPY","MEMORY_COPY_HOST_TO_DEVICE",0,"Agent 0","Agent 2",882,695615232606377,695615232616057
"MEMORY_COPY","MEMORY_COPY_DEVICE_TO_HOST",0,"Agent 2","Agent 0",888,695615232676738,695615232686058
"MEMORY_COPY","MEMORY_COPY_HOST_TO_DEVICE",0,"Agent 0","Agent 2",890,695615232719098,695615232735178
"MEMORY_COPY","MEMORY_COPY_DEVICE_TO_HOST",0,"Agent 2","Agent 0",896,695615232793019,695615232802419
"MEMORY_COPY","MEMORY_COPY_HOST_TO_DEVICE",0,"Agent 0","Agent 2",898,695615232835739,695615232845379
"MEMORY_COPY","MEMORY_COPY_DEVICE_TO_HOST",0,"Agent 2","Agent 0",904,695615232904260,695615232913620
"MEMORY_COPY","MEMORY_COPY_HOST_TO_DEVICE",0,"Agent 0","Agent 2",907,695615232962380,695615232971301
"MEMORY_COPY","MEMORY_COPY_HOST_TO_DEVICE",0,"Agent 0","Agent 2",915,695615233063822,695615233070622
"MEMORY_COPY","MEMORY_COPY_HOST_TO_DEVICE",0,"Agent 0","Agent 2",916,695615233102462,695615233125982
"MEMORY_COPY","MEMORY_COPY_HOST_TO_DEVICE",0,"Agent 0","Agent 2",917,695615233160423,695615233173463
"MEMORY_COPY","MEMORY_COPY_DEVICE_TO_HOST",0,"Agent 2","Agent 0",922,695615233281144,695615233291304
"MEMORY_COPY","MEMORY_COPY_HOST_TO_DEVICE",0,"Agent 0","Agent 2",924,695615233325064,695615233337384
"MEMORY_COPY","MEMORY_COPY_HOST_TO_DEVICE",0,"Agent 0","Agent 2",925,695615233347064,695615233351625
"MEMORY_COPY","MEMORY_COPY_DEVICE_TO_HOST",0,"Agent 2","Agent 0",930,695615233399745,695615233409185
"MEMORY_COPY","MEMORY_COPY_HOST_TO_DEVICE",0,"Agent 0","Agent 2",932,695615233568227,695615233580387
"MEMORY_COPY","MEMORY_COPY_HOST_TO_DEVICE",0,"Agent 0","Agent 2",933,695615233590147,695615233594667
"MEMORY_COPY","MEMORY_COPY_DEVICE_TO_HOST",0,"Agent 2","Agent 0",938,695615233641467,695615233650908
"MEMORY_COPY","MEMORY_COPY_HOST_TO_DEVICE",0,"Agent 0","Agent 2",940,695615233805429,695615233818069
"MEMORY_COPY","MEMORY_COPY_HOST_TO_DEVICE",0,"Agent 0","Agent 2",941,695615233827629,695615233832109
"MEMORY_COPY","MEMORY_COPY_DEVICE_TO_HOST",0,"Agent 2","Agent 0",946,695615233878550,695615233888070
"MEMORY_COPY","MEMORY_COPY_HOST_TO_DEVICE",0,"Agent 0","Agent 2",948,695615234043392,695615234055672
"MEMORY_COPY","MEMORY_COPY_HOST_TO_DEVICE",0,"Agent 0","Agent 2",949,695615234066032,695615234070832
"MEMORY_COPY","MEMORY_COPY_DEVICE_TO_HOST",0,"Agent 2","Agent 0",954,695615234116552,695615234125952
"MEMORY_COPY","MEMORY_COPY_HOST_TO_DEVICE",0,"Agent 0","Agent 2",956,695615234282274,695615234292274
"MEMORY_COPY","MEMORY_COPY_DEVICE_TO_HOST",0,"Agent 2","Agent 0",970,695615234494236,695615234503556
"MEMORY_COPY","MEMORY_COPY_HOST_TO_DEVICE",0,"Agent 0","Agent 2",972,695615234536437,695615234546077
"MEMORY_COPY","MEMORY_COPY_DEVICE_TO_HOST",0,"Agent 2","Agent 0",978,695615234607037,695615234616398
"MEMORY_COPY","MEMORY_COPY_HOST_TO_DEVICE",0,"Agent 0","Agent 2",980,695615234649838,695615234659918
"MEMORY_COPY","MEMORY_COPY_DEVICE_TO_HOST",0,"Agent 2","Agent 0",986,695615234722039,695615234731359
"MEMORY_COPY","MEMORY_COPY_HOST_TO_DEVICE",0,"Agent 0","Agent 2",988,695615234764199,695615234773959
"MEMORY_COPY","MEMORY_COPY_DEVICE_TO_HOST",0,"Agent 2","Agent 0",994,695615234835200,695615234844520
"MEMORY_COPY","MEMORY_COPY_HOST_TO_DEVICE",0,"Agent 0","Agent 2",997,695615234894440,695615234900520
"MEMORY_COPY","MEMORY_COPY_HOST_TO_DEVICE",0,"Agent 0","Agent 2",1005,695615234991961,695615234999401
"MEMORY_COPY","MEMORY_COPY_HOST_TO_DEVICE",0,"Agent 0","Agent 2",1006,695615235035202,695615235058882
"MEMORY_COPY","MEMORY_COPY_HOST_TO_DEVICE",0,"Agent 0","Agent 2",1007,695615235092442,695615235105683
"MEMORY_COPY","MEMORY_COPY_DEVICE_TO_HOST",0,"Agent 2","Agent 0",1012,695615235224764,695615235232844
"MEMORY_COPY","MEMORY_COPY_HOST_TO_DEVICE",0,"Agent 0","Agent 2",1014,695615235265924,695615235278844
"MEMORY_COPY","MEMORY_COPY_HOST_TO_DEVICE",0,"Agent 0","Agent 2",1015,695615235312445,695615235329325
"MEMORY_COPY","MEMORY_COPY_DEVICE_TO_HOST",0,"Agent 2","Agent 0",1020,695615235379445,695615235389085
"MEMORY_COPY","MEMORY_COPY_HOST_TO_DEVICE",0,"Agent 0","Agent 2",1022,695615235557087,695615235569527
"MEMORY_COPY","MEMORY_COPY_HOST_TO_DEVICE",0,"Agent 0","Agent 2",1023,695615235580367,695615235585008
"MEMORY_COPY","MEMORY_COPY_DEVICE_TO_HOST",0,"Agent 2","Agent 0",1028,695615235633088,695615235642448
"MEMORY_COPY","MEMORY_COPY_HOST_TO_DEVICE",0,"Agent 0","Agent 2",1030,695615235797050,695615235809530
"MEMORY_COPY","MEMORY_COPY_HOST_TO_DEVICE",0,"Agent 0","Agent 2",1031,695615235820410,695615235824970
"MEMORY_COPY","MEMORY_COPY_DEVICE_TO_HOST",0,"Agent 2","Agent 0",1036,695615235871650,695615235881051
"MEMORY_COPY","MEMORY_COPY_HOST_TO_DEVICE",0,"Agent 0","Agent 2",1038,695615236035052,695615236047532
"MEMORY_COPY","MEMORY_COPY_HOST_TO_DEVICE",0,"Agent 0","Agent 2",1039,695615236080853,695615236091213
"MEMORY_COPY","MEMORY_COPY_DEVICE_TO_HOST",0,"Agent 2","Agent 0",1044,695615236140613,695615236150013
"MEMORY_COPY","MEMORY_COPY_HOST_TO_DEVICE",0,"Agent 0","Agent 2",1046,695615236275815,695615236285855
"MEMORY_COPY","MEMORY_COPY_DEVICE_TO_HOST",0,"Agent 2","Agent 0",1060,695615236618538,695615236625658
"MEMORY_COPY","MEMORY_COPY_HOST_TO_DEVICE",0,"Agent 0","Agent 2",1062,695615236658419,695615236668339
"MEMORY_COPY","MEMORY_COPY_DEVICE_TO_HOST",0,"Agent 2","Agent 0",1068,695615236728699,695615236738099
"MEMORY_COPY","MEMORY_COPY_HOST_TO_DEVICE",0,"Agent 0","Agent 2",1070,695615236771660,695615236781300
"MEMORY_COPY","MEMORY_COPY_DEVICE_TO_HOST",0,"Agent 2","Agent 0",1076,695615236847141,695615236854461
"MEMORY_COPY","MEMORY_COPY_HOST_TO_DEVICE",0,"Agent 0","Agent 2",1078,695615236887341,695615236897261
"MEMORY_COPY","MEMORY_COPY_DEVICE_TO_HOST",0,"Agent 2","Agent 0",1084,695615236959582,695615236968942
"MEMORY_COPY","MEMORY_COPY_HOST_TO_DEVICE",0,"Agent 0","Agent 2",1087,695615237017502,695615237023782
"MEMORY_COPY","MEMORY_COPY_HOST_TO_DEVICE",0,"Agent 0","Agent 2",1095,695615237116703,695615237126823
"MEMORY_COPY","MEMORY_COPY_HOST_TO_DEVICE",0,"Agent 0","Agent 2",1096,695615237159424,695615237189464
"MEMORY_COPY","MEMORY_COPY_HOST_TO_DEVICE",0,"Agent 0","Agent 2",1097,695615237224344,695615237237465
"MEMORY_COPY","MEMORY_COPY_DEVICE_TO_HOST",0,"Agent 2","Agent 0",1102,695615237349986,695615237360266
"MEMORY_COPY","MEMORY_COPY_HOST_TO_DEVICE",0,"Agent 0","Agent 2",1104,695615237393266,695615237405546
"MEMORY_COPY","MEMORY_COPY_HOST_TO_DEVICE",0,"Agent 0","Agent 2",1105,695615237439147,695615237449747
"MEMORY_COPY","MEMORY_COPY_DEVICE_TO_HOST",0,"Agent 2","Agent 0",1110,695615237498587,695615237508067
"MEMORY_COPY","MEMORY_COPY_HOST_TO_DEVICE",0,"Agent 0","Agent 2",1112,695615237678229,695615237688709
"MEMORY_COPY","MEMORY_COPY_HOST_TO_DEVICE",0,"Agent 0","Agent 2",1113,695615237699549,695615237704069
"MEMORY_COPY","MEMORY_COPY_DEVICE_TO_HOST",0,"Agent 2","Agent 0",1118,695615237751790,695615237761070
"MEMORY_COPY","MEMORY_COPY_HOST_TO_DEVICE",0,"Agent 0","Agent 2",1120,695615237917112,695615237927272
"MEMORY_COPY","MEMORY_COPY_HOST_TO_DEVICE",0,"Agent 0","Agent 2",1121,695615237938112,695615237942672
"MEMORY_COPY","MEMORY_COPY_DEVICE_TO_HOST",0,"Agent 2","Agent 0",1126,695615237989912,695615237999152
"MEMORY_COPY","MEMORY_COPY_HOST_TO_DEVICE",0,"Agent 0","Agent 2",1128,695615238153154,695615238165514
"MEMORY_COPY","MEMORY_COPY_HOST_TO_DEVICE",0,"Agent 0","Agent 2",1129,695615238176074,695615238180554
"MEMORY_COPY","MEMORY_COPY_DEVICE_TO_HOST",0,"Agent 2","Agent 0",1134,695615238229555,695615238238955
"MEMORY_COPY","MEMORY_COPY_HOST_TO_DEVICE",0,"Agent 0","Agent 2",1136,695615238397876,695615238407997
"MEMORY_COPY","MEMORY_COPY_DEVICE_TO_HOST",0,"Agent 2","Agent 0",1150,695615238619319,695615238628759
"MEMORY_COPY","MEMORY_COPY_HOST_TO_DEVICE",0,"Agent 0","Agent 2",1152,695615238663079,695615238672919
"MEMORY_COPY","MEMORY_COPY_DEVICE_TO_HOST",0,"Agent 2","Agent 0",1158,695615238733560,695615238742960
"MEMORY_COPY","MEMORY_COPY_HOST_TO_DEVICE",0,"Agent 0","Agent 2",1160,695615238775880,695615238791921
"MEMORY_COPY","MEMORY_COPY_DEVICE_TO_HOST",0,"Agent 2","Agent 0",1166,695615238852281,695615238861641
"MEMORY_COPY","MEMORY_COPY_HOST_TO_DEVICE",0,"Agent 0","Agent 2",1168,695615238895002,695615238905002
"MEMORY_COPY","MEMORY_COPY_DEVICE_TO_HOST",0,"Agent 2","Agent 0",1174,695615238965562,695615238974962
"MEMORY_COPY","MEMORY_COPY_HOST_TO_DEVICE",0,"Agent 0","Agent 2",1177,695615239029203,695615239038243
"MEMORY_COPY","MEMORY_COPY_HOST_TO_DEVICE",0,"Agent 0","Agent 2",1185,695615239128604,695615239135284
"MEMORY_COPY","MEMORY_COPY_HOST_TO_DEVICE",0,"Agent 0","Agent 2",1186,695615239167284,695615239191085
"MEMORY_COPY","MEMORY_COPY_HOST_TO_DEVICE",0,"Agent 0","Agent 2",1187,695615239224645,695615239237965
"MEMORY_COPY","MEMORY_COPY_DEVICE_TO_HOST",0,"Agent 2","Agent 0",1192,695615239349566,695615239359726
"MEMORY_COPY","MEMORY_COPY_HOST_TO_DEVICE",0,"Agent 0","Agent 2",1194,695615239393207,695615239405607
"MEMORY_COPY","MEMORY_COPY_HOST_TO_DEVICE",0,"Agent 0","Agent 2",1195,695615239440047,695615239456647
"MEMORY_COPY","MEMORY_COPY_DEVICE_TO_HOST",0,"Agent 2","Agent 0",1200,695615239506008,695615239515408
"MEMORY_COPY","MEMORY_COPY_HOST_TO_DEVICE",0,"Agent 0","Agent 2",1202,695615239688570,695615239698810
"MEMORY_COPY","MEMORY_COPY_HOST_TO_DEVICE",0,"Agent 0","Agent 2",1203,695615239708650,695615239713170
"MEMORY_COPY","MEMORY_COPY_DEVICE_TO_HOST",0,"Agent 2","Agent 0",1208,695615239760691,695615239770051
"MEMORY_COPY","MEMORY_COPY_HOST_TO_DEVICE",0,"Agent 0","Agent 2",1210,695615239927572,695615239937772
"MEMORY_COPY","MEMORY_COPY_HOST_TO_DEVICE",0,"Agent 0","Agent 2",1211,695615239947252,695615239951772
"MEMORY_COPY","MEMORY_COPY_DEVICE_TO_HOST",0,"Agent 2","Agent 0",1216,695615239999733,695615240009133
"MEMORY_COPY","MEMORY_COPY_HOST_TO_DEVICE",0,"Agent 0","Agent 2",1218,695615240165695,695615240177015
"MEMORY_COPY","MEMORY_COPY_HOST_TO_DEVICE",0,"Agent 0","Agent 2",1219,695615240187015,695615240191615
"MEMORY_COPY","MEMORY_COPY_DEVICE_TO_HOST",0,"Agent 2","Agent 0",1224,695615240240455,695615240249776
"MEMORY_COPY","MEMORY_COPY_HOST_TO_DEVICE",0,"Agent 0","Agent 2",1226,695615240404537,695615240412457
"MEMORY_COPY","MEMORY_COPY_DEVICE_TO_HOST",0,"Agent 2","Agent 0",1240,695615240558019,695615240566219
"MEMORY_COPY","MEMORY_COPY_HOST_TO_DEVICE",0,"Agent 0","Agent 2",1242,695615240600179,695615240609939
"MEMORY_COPY","MEMORY_COPY_DEVICE_TO_HOST",0,"Agent 2","Agent 0",1248,695615240671180,695615240680620
"MEMORY_COPY","MEMORY_COPY_HOST_TO_DEVICE",0,"Agent 0","Agent 2",1250,695615240714140,695615240723740
"MEMORY_COPY","MEMORY_COPY_DEVICE_TO_HOST",0,"Agent 2","Agent 0",1256,695615240792341,695615240800381
"MEMORY_COPY","MEMORY_COPY_HOST_TO_DEVICE",0,"Agent 0","Agent 2",1258,695615240834902,695615240844622
"MEMORY_COPY","MEMORY_COPY_DEVICE_TO_HOST",0,"Agent 2","Agent 0",1264,695615240906182,695615240915502
"MEMORY_COPY","MEMORY_COPY_HOST_TO_DEVICE",0,"Agent 0","Agent 2",1267,695615240964303,695615240970423
"MEMORY_COPY","MEMORY_COPY_HOST_TO_DEVICE",0,"Agent 0","Agent 2",1275,695615241061264,695615241067984
"MEMORY_COPY","MEMORY_COPY_HOST_TO_DEVICE",0,"Agent 0","Agent 2",1276,695615241083184,695615241126625
"MEMORY_COPY","MEMORY_COPY_HOST_TO_DEVICE",0,"Agent 0","Agent 2",1277,695615241161065,695615241174265
"MEMORY_COPY","MEMORY_COPY_DEVICE_TO_HOST",0,"Agent 2","Agent 0",1282,695615241285946,695615241296266
"MEMORY_COPY","MEMORY_COPY_HOST_TO_DEVICE",0,"Agent 0","Agent 2",1284,695615241329427,695615241341667
"MEMORY_COPY","MEMORY_COPY_HOST_TO_DEVICE",0,"Agent 0","Agent 2",1285,695615241375347,695615241385867
"MEMORY_COPY","MEMORY_COPY_DEVICE_TO_HOST",0,"Agent 2","Agent 0",1290,695615241435268,695615241444748
"MEMORY_COPY","MEMORY_COPY_HOST_TO_DEVICE",0,"Agent 0","Agent 2",1292,695615241612430,695615241624990
"MEMORY_COPY","MEMORY_COPY_HOST_TO_DEVICE",0,"Agent 0","Agent 2",1293,695615241634830,695615241639310
"MEMORY_COPY","MEMORY_COPY_DEVICE_TO_HOST",0,"Agent 2","Agent 0",1298,695615241686590,695615241696030
"MEMORY_COPY","MEMORY_COPY_HOST_TO_DEVICE",0,"Agent 0","Agent 2",1300,695615241853472,695615241864072
"MEMORY_COPY","MEMORY_COPY_HOST_TO_DEVICE",0,"Agent 0","Agent 2",1301,695615241873672,695615241878192
"MEMORY_COPY","MEMORY_COPY_DEVICE_TO_HOST",0,"Agent 2","Agent 0",1306,695615241925793,695615241935073
"MEMORY_COPY","MEMORY_COPY_HOST_TO_DEVICE",0,"Agent 0","Agent 2",1308,695615242095475,695615242105595
"MEMORY_COPY","MEMORY_COPY_HOST_TO_DEVICE",0,"Agent 0","Agent 2",1309,695615242115395,695615242119915
"MEMORY_COPY","MEMORY_COPY_DEVICE_TO_HOST",0,"Agent 2","Agent 0",1314,695615242169035,695615242178555
"MEMORY_COPY","MEMORY_COPY_HOST_TO_DEVICE",0,"Agent 0","Agent 2",1316,695615242334277,695615242343077
"MEMORY_COPY","MEMORY_COPY_DEVICE_TO_HOST",0,"Agent 2","Agent 0",1330,695615242485199,695615242494479
"MEMORY_COPY","MEMORY_COPY_HOST_TO_DEVICE",0,"Agent 0","Agent 2",1332,695615242527799,695615242537519
"MEMORY_COPY","MEMORY_COPY_DEVICE_TO_HOST",0,"Agent 2","Agent 0",1338,695615242598720,695615242608080
"MEMORY_COPY","MEMORY_COPY_HOST_TO_DEVICE",0,"Agent 0","Agent 2",1340,695615242641080,695615242657080
"MEMORY_COPY","MEMORY_COPY_DEVICE_TO_HOST",0,"Agent 2","Agent 0",1346,695615242717401,695615242726721
"MEMORY_COPY","MEMORY_COPY_HOST_TO_DEVICE",0,"Agent 0","Agent 2",1348,695615242760201,695615242770001
"MEMORY_COPY","MEMORY_COPY_DEVICE_TO_HOST",0,"Agent 2","Agent 0",1354,695615242831202,695615242840522
"MEMORY_COPY","MEMORY_COPY_HOST_TO_DEVICE",0,"Agent 0","Agent 2",1357,695615242888963,695615242895323
"MEMORY_COPY","MEMORY_COPY_HOST_TO_DEVICE",0,"Agent 0","Agent 2",1365,695615242986124,695615242992884
"MEMORY_COPY","MEMORY_COPY_HOST_TO_DEVICE",0,"Agent 0","Agent 2",1366,695615243028564,695615243053364
"MEMORY_COPY","MEMORY_COPY_HOST_TO_DEVICE",0,"Agent 0","Agent 2",1367,695615243086205,695615243099285
"MEMORY_COPY","MEMORY_COPY_DEVICE_TO_HOST",0,"Agent 2","Agent 0",1372,695615243208966,695615243219046
"MEMORY_COPY","MEMORY_COPY_HOST_TO_DEVICE",0,"Agent 0","Agent 2",1374,695615243253366,695615243265527
"MEMORY_COPY","MEMORY_COPY_HOST_TO_DEVICE",0,"Agent 0","Agent 2",1375,695615243300647,695615243317327
"MEMORY_COPY","MEMORY_COPY_DEVICE_TO_HOST",0,"Agent 2","Agent 0",1380,695615243366648,695615243376088
"MEMORY_COPY","MEMORY_COPY_HOST_TO_DEVICE",0,"Agent 0","Agent 2",1382,695615243549570,695615243559770
"MEMORY_COPY","MEMORY_COPY_HOST_TO_DEVICE",0,"Agent 0","Agent 2",1383,695615243569730,695615243574250
"MEMORY_COPY","MEMORY_COPY_DEVICE_TO_HOST",0,"Agent 2","Agent 0",1388,695615243621610,695615243630810
"MEMORY_COPY","MEMORY_COPY_HOST_TO_DEVICE",0,"Agent 0","Agent 2",1390,695615243789732,695615243800012
"MEMORY_COPY","MEMORY_COPY_HOST_TO_DEVICE",0,"Agent 0","Agent 2",1391,695615243810012,695615243814492
"MEMORY_COPY","MEMORY_COPY_DEVICE_TO_HOST",0,"Agent 2","Agent 0",1396,695615243862853,695615243872173
"MEMORY_COPY","MEMORY_COPY_HOST_TO_DEVICE",0,"Agent 0","Agent 2",1398,695615244024054,695615244036215
"MEMORY_COPY","MEMORY_COPY_HOST_TO_DEVICE",0,"Agent 0","Agent 2",1399,695615244069055,695615244079615
"MEMORY_COPY","MEMORY_COPY_DEVICE_TO_HOST",0,"Agent 2","Agent 0",1404,695615244309577,695615244316937
"MEMORY_COPY","MEMORY_COPY_HOST_TO_DEVICE",0,"Agent 0","Agent 2",1406,695615244485099,695615244492779
"MEMORY_COPY","MEMORY_COPY_DEVICE_TO_HOST",0,"Agent 2","Agent 0",1420,695615244657581,695615244668701
"MEMORY_COPY","MEMORY_COPY_HOST_TO_DEVICE",0,"Agent 0","Agent 2",1422,695615244709781,695615244721662
"MEMORY_COPY","MEMORY_COPY_DEVICE_TO_HOST",0,"Agent 2","Agent 0",1428,695615244802782,695615244814143
"MEMORY_COPY","MEMORY_COPY_HOST_TO_DEVICE",0,"Agent 0","Agent 2",1430,695615244826943,695615244831103
"MEMORY_COPY","MEMORY_COPY_DEVICE_TO_HOST",0,"Agent 2","Agent 0",1436,695615244901103,695615244911424
"MEMORY_COPY","MEMORY_COPY_HOST_TO_DEVICE",0,"Agent 0","Agent 2",1438,695615244946624,695615244956664
"MEMORY_COPY","MEMORY_COPY_DEVICE_TO_HOST",0,"Agent 2","Agent 0",1444,695615245016425,695615245025705
"MEMORY_COPY","MEMORY_COPY_HOST_TO_DEVICE",0,"Agent 0","Agent 2",1447,695615245075265,695615245081385
"MEMORY_COPY","MEMORY_COPY_HOST_TO_DEVICE",0,"Agent 0","Agent 2",1455,695615245174306,695615245181266
"MEMORY_COPY","MEMORY_COPY_HOST_TO_DEVICE",0,"Agent 0","Agent 2",1456,695615245650111,695615245673031
"MEMORY_COPY","MEMORY_COPY_HOST_TO_DEVICE",0,"Agent 0","Agent 2",1457,695615245683111,695615245690512
"MEMORY_COPY","MEMORY_COPY_DEVICE_TO_HOST",0,"Agent 2","Agent 0",1462,695615245874193,695615245886274
"MEMORY_COPY","MEMORY_COPY_HOST_TO_DEVICE",0,"Agent 0","Agent 2",1464,695615245940114,695615245954594
"MEMORY_COPY","MEMORY_COPY_HOST_TO_DEVICE",0,"Agent 0","Agent 2",1465,695615245966114,695615245971234
"MEMORY_COPY","MEMORY_COPY_DEVICE_TO_HOST",0,"Agent 2","Agent 0",1470,695615246029795,695615246041075
"MEMORY_COPY","MEMORY_COPY_HOST_TO_DEVICE",0,"Agent 0","Agent 2",1472,695615246222797,695615246237397
"MEMORY_COPY","MEMORY_COPY_HOST_TO_DEVICE",0,"Agent 0","Agent 2",1473,695615246248957,695615246254197
"MEMORY_COPY","MEMORY_COPY_DEVICE_TO_HOST",0,"Agent 2","Agent 0",1478,695615246314998,695615246325438
"MEMORY_COPY","MEMORY_COPY_HOST_TO_DEVICE",0,"Agent 0","Agent 2",1480,695615246491240,695615246501880
"MEMORY_COPY","MEMORY_COPY_HOST_TO_DEVICE",0,"Agent 0","Agent 2",1481,695615246512120,695615246516920
"MEMORY_COPY","MEMORY_COPY_DEVICE_TO_HOST",0,"Agent 2","Agent 0",1486,695615246565401,695615246575241
"MEMORY_COPY","MEMORY_COPY_HOST_TO_DEVICE",0,"Agent 0","Agent 2",1488,695615246744722,695615246755483
"MEMORY_COPY","MEMORY_COPY_HOST_TO_DEVICE",0,"Agent 0","Agent 2",1489,695615246765803,695615246770643
"MEMORY_COPY","MEMORY_COPY_DEVICE_TO_HOST",0,"Agent 2","Agent 0",1494,695615246819643,695615246829403
"MEMORY_COPY","MEMORY_COPY_HOST_TO_DEVICE",0,"Agent 0","Agent 2",1496,695615246987165,695615246997325
"MEMORY_COPY","MEMORY_COPY_DEVICE_TO_HOST",0,"Agent 2","Agent 0",1510,695615247217447,695615247227087
"MEMORY_COPY","MEMORY_COPY_HOST_TO_DEVICE",0,"Agent 0","Agent 2",1512,695615247238288,695615247242328
"MEMORY_COPY","MEMORY_COPY_DEVICE_TO_HOST",0,"Agent 2","Agent 0",1518,695615247312168,695615247319808
"MEMORY_COPY","MEMORY_COPY_HOST_TO_DEVICE",0,"Agent 0","Agent 2",1520,695615247354249,695615247364129
"MEMORY_COPY","MEMORY_COPY_DEVICE_TO_HOST",0,"Agent 2","Agent 0",1526,695615247428049,695615247437410
"MEMORY_COPY","MEMORY_COPY_HOST_TO_DEVICE",0,"Agent 0","Agent 2",1528,695615247448770,695615247452610
"MEMORY_COPY","MEMORY_COPY_DEVICE_TO_HOST",0,"Agent 2","Agent 0",1534,695615247511010,695615247520370
"MEMORY_COPY","MEMORY_COPY_HOST_TO_DEVICE",0,"Agent 0","Agent 2",1537,695615247570531,695615247576731
"MEMORY_COPY","MEMORY_COPY_HOST_TO_DEVICE",0,"Agent 0","Agent 2",1545,695615247668172,695615247675132
"MEMORY_COPY","MEMORY_COPY_HOST_TO_DEVICE",0,"Agent 0","Agent 2",1546,695615247705612,695615247729773
"MEMORY_COPY","MEMORY_COPY_HOST_TO_DEVICE",0,"Agent 0","Agent 2",1547,695615247739293,695615247746613
"MEMORY_COPY","MEMORY_COPY_DEVICE_TO_HOST",0,"Agent 2","Agent 0",1552,695615247853014,695615247863214
"MEMORY_COPY","MEMORY_COPY_HOST_TO_DEVICE",0,"Agent 0","Agent 2",1554,695615247896414,695615247908654
"MEMORY_COPY","MEMORY_COPY_HOST_TO_DEVICE",0,"Agent 0","Agent 2",1555,695615247917455,695615247922055
"MEMORY_COPY","MEMORY_COPY_DEVICE_TO_HOST",0,"Agent 2","Agent 0",1560,695615247976095,695615247985535
"MEMORY_COPY","MEMORY_COPY_HOST_TO_DEVICE",0,"Agent 0","Agent 2",1562,695615248146177,695615248156457
"MEMORY_COPY","MEMORY_COPY_HOST_TO_DEVICE",0,"Agent 0","Agent 2",1563,695615248166817,695615248171657
"MEMORY_COPY","MEMORY_COPY_DEVICE_TO_HOST",0,"Agent 2","Agent 0",1568,695615248219978,695615248229258
"MEMORY_COPY","MEMORY_COPY_HOST_TO_DEVICE",0,"Agent 0","Agent 2",1570,695615248384179,695615248394699
"MEMORY_COPY","MEMORY_COPY_HOST_TO_DEVICE",0,"Agent 0","Agent 2",1571,695615248405100,695615248409700
"MEMORY_COPY","MEMORY_COPY_DEVICE_TO_HOST",0,"Agent 2","Agent 0",1576,695615248457420,695615248466780
"MEMORY_COPY","MEMORY_COPY_HOST_TO_DEVICE",0,"Agent 0","Agent 2",1578,695615248622102,695615248632542
"MEMORY_COPY","MEMORY_COPY_HOST_TO_DEVICE",0,"Agent 0","Agent 2",1579,695615248642782,695615248647302
"MEMORY_COPY","MEMORY_COPY_DEVICE_TO_HOST",0,"Agent 2","Agent 0",1584,695615248695743,695615248705063
"MEMORY_COPY","MEMORY_COPY_HOST_TO_DEVICE",0,"Agent 0","Agent 2",1586,695615248855224,695615248865144
"MEMORY_COPY","MEMORY_COPY_DEVICE_TO_HOST",0,"Agent 2","Agent 0",1600,695615249069146,695615249077186
"MEMORY_COPY","MEMORY_COPY_HOST_TO_DEVICE",0,"Agent 0","Agent 2",1602,695615249112347,695615249122147
"MEMORY_COPY","MEMORY_COPY_DEVICE_TO_HOST",0,"Agent 2","Agent 0",1608,695615249181228,695615249190628
"MEMORY_COPY","MEMORY_COPY_HOST_TO_DEVICE",0,"Agent 0","Agent 2",1610,695615249224188,695615249240388
"MEMORY_COPY","MEMORY_COPY_DEVICE_TO_HOST",0,"Agent 2","Agent 0",1616,695615249298909,695615249308229
"MEMORY_COPY","MEMORY_COPY_HOST_TO_DEVICE",0,"Agent 0","Agent 2",1618,695615249341229,695615249350869
"MEMORY_COPY","MEMORY_COPY_DEVICE_TO_HOST",0,"Agent 2","Agent 0",1624,695615249410550,695615249419950
"MEMORY_COPY","MEMORY_COPY_HOST_TO_DEVICE",0,"Agent 0","Agent 2",1627,695615249466390,695615249472751
"MEMORY_COPY","MEMORY_COPY_HOST_TO_DEVICE",0,"Agent 0","Agent 2",1635,695615249565191,695615249572152
"MEMORY_COPY","MEMORY_COPY_HOST_TO_DEVICE",0,"Agent 0","Agent 2",1636,695615249586512,695615249627992
"MEMORY_COPY","MEMORY_COPY_HOST_TO_DEVICE",0,"Agent 0","Agent 2",1637,695615249637872,695615249645232
"MEMORY_COPY","MEMORY_COPY_DEVICE_TO_HOST",0,"Agent 2","Agent 0",1642,695615249752553,695615249762794
"MEMORY_COPY","MEMORY_COPY_HOST_TO_DEVICE",0,"Agent 0","Agent 2",1644,695615249795954,695615249808714
"MEMORY_COPY","MEMORY_COPY_HOST_TO_DEVICE",0,"Agent 0","Agent 2",1645,695615249817794,695615249822314
"MEMORY_COPY","MEMORY_COPY_DEVICE_TO_HOST",0,"Agent 2","Agent 0",1650,695615249867435,695615249876875
"MEMORY_COPY","MEMORY_COPY_HOST_TO_DEVICE",0,"Agent 0","Agent 2",1652,695615250047476,695615250060277
"MEMORY_COPY","MEMORY_COPY_HOST_TO_DEVICE",0,"Agent 0","Agent 2",1653,695615250069997,695615250074477
"MEMORY_COPY","MEMORY_COPY_DEVICE_TO_HOST",0,"Agent 2","Agent 0",1658,695615250121077,695615250130517
"MEMORY_COPY","MEMORY_COPY_HOST_TO_DEVICE",0,"Agent 0","Agent 2",1660,695615250286799,695615250299479
"MEMORY_COPY","MEMORY_COPY_HOST_TO_DEVICE",0,"Agent 0","Agent 2",1661,695615250309279,695615250313799
"MEMORY_COPY","MEMORY_COPY_DEVICE_TO_HOST",0,"Agent 2","Agent 0",1666,695615250359480,695615250368920
"MEMORY_COPY","MEMORY_COPY_HOST_TO_DEVICE",0,"Agent 0","Agent 2",1668,695615250529481,695615250541722
"MEMORY_COPY","MEMORY_COPY_HOST_TO_DEVICE",0,"Agent 0","Agent 2",1669,695615250551842,695615250556602
"MEMORY_COPY","MEMORY_COPY_DEVICE_TO_HOST",0,"Agent 2","Agent 0",1674,695615250601602,695615250611042
"MEMORY_COPY","MEMORY_COPY_HOST_TO_DEVICE",0,"Agent 0","Agent 2",1676,695615250766644,695615250776644
"MEMORY_COPY","MEMORY_COPY_DEVICE_TO_HOST",0,"Agent 2","Agent 0",1690,695615250977046,695615250986406
"MEMORY_COPY","MEMORY_COPY_HOST_TO_DEVICE",0,"Agent 0","Agent 2",1692,695615250998006,695615251001806
"MEMORY_COPY","MEMORY_COPY_DEVICE_TO_HOST",0,"Agent 2","Agent 0",1698,695615251058207,695615251067567
"MEMORY_COPY","MEMORY_COPY_HOST_TO_DEVICE",0,"Agent 0","Agent 2",1700,695615251101567,695615251111367
"MEMORY_COPY","MEMORY_COPY_DEVICE_TO_HOST",0,"Agent 2","Agent 0",1706,695615251173248,695615251182608
"MEMORY_COPY","MEMORY_COPY_HOST_TO_DEVICE",0,"Agent 0","Agent 2",1708,695615251216288,695615251226289
"MEMORY_COPY","MEMORY_COPY_DEVICE_TO_HOST",0,"Agent 2","Agent 0",1714,695615251284769,695615251294169
"MEMORY_COPY","MEMORY_COPY_HOST_TO_DEVICE",0,"Agent 0","Agent 2",1717,695615251344890,695615251350970
"MEMORY_COPY","MEMORY_COPY_HOST_TO_DEVICE",0,"Agent 0","Agent 2",1725,695615251441731,695615251448611
"MEMORY_COPY","MEMORY_COPY_HOST_TO_DEVICE",0,"Agent 0","Agent 2",1726,695615251480771,695615251505691
"MEMORY_COPY","MEMORY_COPY_HOST_TO_DEVICE",0,"Agent 0","Agent 2",1727,695615251539812,695615251554652
"MEMORY_COPY","MEMORY_COPY_DEVICE_TO_HOST",0,"Agent 2","Agent 0",1732,695615251668533,695615251678693
"MEMORY_COPY","MEMORY_COPY_HOST_TO_DEVICE",0,"Agent 0","Agent 2",1734,695615251711414,695615251723854
"MEMORY_COPY","MEMORY_COPY_HOST_TO_DEVICE",0,"Agent 0","Agent 2",1735,695615251732894,695615251737454
"MEMORY_COPY","MEMORY_COPY_DEVICE_TO_HOST",0,"Agent 2","Agent 0",1740,695615251783014,695615251792454
"MEMORY_COPY","MEMORY_COPY_HOST_TO_DEVICE",0,"Agent 0","Agent 2",1742,695615251958856,695615251971336
"MEMORY_COPY","MEMORY_COPY_HOST_TO_DEVICE",0,"Agent 0","Agent 2",1743,695615251982096,695615251986616
"MEMORY_COPY","MEMORY_COPY_DEVICE_TO_HOST",0,"Agent 2","Agent 0",1748,695615252033817,695615252043177
"MEMORY_COPY","MEMORY_COPY_HOST_TO_DEVICE",0,"Agent 0","Agent 2",1750,695615252202579,695615252212779
"MEMORY_COPY","MEMORY_COPY_HOST_TO_DEVICE",0,"Agent 0","Agent 2",1751,695615252223059,695615252227659
"MEMORY_COPY","MEMORY_COPY_DEVICE_TO_HOST",0,"Agent 2","Agent 0",1756,695615252399021,695615252408421
"MEMORY_COPY","MEMORY_COPY_HOST_TO_DEVICE",0,"Agent 0","Agent 2",1758,695615252579983,695615252592303
"MEMORY_COPY","MEMORY_COPY_HOST_TO_DEVICE",0,"Agent 0","Agent 2",1759,695615252602663,695615252607183
"MEMORY_COPY","MEMORY_COPY_DEVICE_TO_HOST",0,"Agent 2","Agent 0",1764,695615252653623,695615252663023
"MEMORY_COPY","MEMORY_COPY_HOST_TO_DEVICE",0,"Agent 0","Agent 2",1766,695615252817505,695615252827225
"MEMORY_COPY","MEMORY_COPY_DEVICE_TO_HOST",0,"Agent 2","Agent 0",1780,695615252968587,695615252977987
"MEMORY_COPY","MEMORY_COPY_HOST_TO_DEVICE",0,"Agent 0","Agent 2",1782,695615253035067,695615253044947
"MEMORY_COPY","MEMORY_COPY_DEVICE_TO_HOST",0,"Agent 2","Agent 0",1788,695615253105948,695615253115308
"MEMORY_COPY","MEMORY_COPY_HOST_TO_DEVICE",0,"Agent 0","Agent 2",1790,695615253126148,695615253130068
"MEMORY_COPY","MEMORY_COPY_DEVICE_TO_HOST",0,"Agent 2","Agent 0",1796,695615253187949,695615253197389
"MEMORY_COPY","MEMORY_COPY_HOST_TO_DEVICE",0,"Agent 0","Agent 2",1798,695615253231589,695615253241349
"MEMORY_COPY","MEMORY_COPY_DEVICE_TO_HOST",0,"Agent 2","Agent 0",1804,695615253300230,695615253309430
"MEMORY_COPY","MEMORY_COPY_HOST_TO_DEVICE",0,"Agent 0","Agent 2",1807,695615253356031,695615253362431
"MEMORY_COPY","MEMORY_COPY_HOST_TO_DEVICE",0,"Agent 0","Agent 2",1815,695615253452232,695615253459232
"MEMORY_COPY","MEMORY_COPY_HOST_TO_DEVICE",0,"Agent 0","Agent 2",1816,695615253473672,695615253514952
"MEMORY_COPY","MEMORY_COPY_HOST_TO_DEVICE",0,"Agent 0","Agent 2",1817,695615253549593,695615253569193
"MEMORY_COPY","MEMORY_COPY_DEVICE_TO_HOST",0,"Agent 2","Agent 0",1822,695615253677234,695615253687354
"MEMORY_COPY","MEMORY_COPY_HOST_TO_DEVICE",0,"Agent 0","Agent 2",1824,695615253702874,695615253732274
"MEMORY_COPY","MEMORY_COPY_HOST_TO_DEVICE",0,"Agent 0","Agent 2",1825,695615253741874,695615253746395
"MEMORY_COPY","MEMORY_COPY_DEVICE_TO_HOST",0,"Agent 2","Agent 0",1830,695615253791275,695615253800755
"MEMORY_COPY","MEMORY_COPY_HOST_TO_DEVICE",0,"Agent 0","Agent 2",1832,695615253972517,695615253982797
"MEMORY_COPY","MEMORY_COPY_HOST_TO_DEVICE",0,"Agent 0","Agent 2",1833,695615253992797,695615253997477
"MEMORY_COPY","MEMORY_COPY_DEVICE_TO_HOST",0,"Agent 2","Agent 0",1838,695615254043238,695615254052558
"MEMORY_COPY","MEMORY_COPY_HOST_TO_DEVICE",0,"Agent 0","Agent 2",1840,695615254206639,695615254219239
"MEMORY_COPY","MEMORY_COPY_HOST_TO_DEVICE",0,"Agent 0","Agent 2",1841,695615254228920,695615254233440
"MEMORY_COPY","MEMORY_COPY_DEVICE_TO_HOST",0,"Agent 2","Agent 0",1846,695615254278600,695615254288000
"MEMORY_COPY","MEMORY_COPY_HOST_TO_DEVICE",0,"Agent 0","Agent 2",1848,695615254444562,695615254457082
"MEMORY_COPY","MEMORY_COPY_HOST_TO_DEVICE",0,"Agent 0","Agent 2",1849,695615254466682,695615254471322
"MEMORY_COPY","MEMORY_COPY_DEVICE_TO_HOST",0,"Agent 2","Agent 0",1854,695615254516602,695615254526043
"MEMORY_COPY","MEMORY_COPY_HOST_TO_DEVICE",0,"Agent 0","Agent 2",1856,695615254682404,695615254692364
"MEMORY_COPY","MEMORY_COPY_DEVICE_TO_HOST",0,"Agent 2","Agent 0",1870,695615254896926,695615254904246
"MEMORY_COPY","MEMORY_COPY_HOST_TO_DEVICE",0,"Agent 0","Agent 2",1872,695615254915207,695615254919087
"MEMORY_COPY","MEMORY_COPY_DEVICE_TO_HOST",0,"Agent 2","Agent 0",1878,695615254977887,695615254987327
"MEMORY_COPY","MEMORY_COPY_HOST_TO_DEVICE",0,"Agent 0","Agent 2",1880,695615255021848,695615255031568
"MEMORY_COPY","MEMORY_COPY_DEVICE_TO_HOST",0,"Agent 2","Agent 0",1886,695615255092048,695615255101408
"MEMORY_COPY","MEMORY_COPY_HOST_TO_DEVICE",0,"Agent 0","Agent 2",1888,695615255112529,695615255116329
"MEMORY_COPY","MEMORY_COPY_DEVICE_TO_HOST",0,"Agent 2","Agent 0",1894,695615255176969,695615255186289
"MEMORY_COPY","MEMORY_COPY_HOST_TO_DEVICE",0,"Agent 0","Agent 2",1897,695615255235210,695615255241290
"MEMORY_COPY","MEMORY_COPY_HOST_TO_DEVICE",0,"Agent 0","Agent 2",1905,695615255332491,695615255339491
"MEMORY_COPY","MEMORY_COPY_HOST_TO_DEVICE",0,"Agent 0","Agent 2",1906,695615255370811,695615255395732
"MEMORY_COPY","MEMORY_COPY_HOST_TO_DEVICE",0,"Agent 0","Agent 2",1907,695615255405172,695615255412572
"MEMORY_COPY","MEMORY_COPY_DEVICE_TO_HOST",0,"Agent 2","Agent 0",1912,695615255519573,695615255529813
"MEMORY_COPY","MEMORY_COPY_HOST_TO_DEVICE",0,"Agent 0","Agent 2",1914,695615255563693,695615255576013
"MEMORY_COPY","MEMORY_COPY_HOST_TO_DEVICE",0,"Agent 0","Agent 2",1915,695615255584853,695615255589654
"MEMORY_COPY","MEMORY_COPY_DEVICE_TO_HOST",0,"Agent 2","Agent 0",1920,695615255636854,695615255646294
"MEMORY_COPY","MEMORY_COPY_HOST_TO_DEVICE",0,"Agent 0","Agent 2",1922,695615255811536,695615255823976
"MEMORY_COPY","MEMORY_COPY_HOST_TO_DEVICE",0,"Agent 0","Agent 2",1923,695615255834336,695615255838856
"MEMORY_COPY","MEMORY_COPY_DEVICE_TO_HOST",0,"Agent 2","Agent 0",1928,695615255887137,695615255896577
"MEMORY_COPY","MEMORY_COPY_HOST_TO_DEVICE",0,"Agent 0","Agent 2",1930,695615256051058,695615256063578
"MEMORY_COPY","MEMORY_COPY_HOST_TO_DEVICE",0,"Agent 0","Agent 2",1931,695615256073779,695615256078259
"MEMORY_COPY","MEMORY_COPY_DEVICE_TO_HOST",0,"Agent 2","Agent 0",1936,695615256126019,695615256135379
"MEMORY_COPY","MEMORY_COPY_HOST_TO_DEVICE",0,"Agent 0","Agent 2",1938,695615256288901,695615256301341
"MEMORY_COPY","MEMORY_COPY_HOST_TO_DEVICE",0,"Agent 0","Agent 2",1939,695615256311701,695615256316181
"MEMORY_COPY","MEMORY_COPY_DEVICE_TO_HOST",0,"Agent 2","Agent 0",1944,695615256364021,695615256373302
"MEMORY_COPY","MEMORY_COPY_HOST_TO_DEVICE",0,"Agent 0","Agent 2",1946,695615256527423,695615256537303
"MEMORY_COPY","MEMORY_COPY_DEVICE_TO_HOST",0,"Agent 2","Agent 0",1960,695615256740145,695615256749545
"MEMORY_COPY","MEMORY_COPY_HOST_TO_DEVICE",0,"Agent 0","Agent 2",1962,695615256782946,695615256792906
"MEMORY_COPY","MEMORY_COPY_DEVICE_TO_HOST",0,"Agent 2","Agent 0",1968,695615256852627,695615256862027
"MEMORY_COPY","MEMORY_COPY_HOST_TO_DEVICE",0,"Agent 0","Agent 2",1970,695615256895667,695615256911947
"MEMORY_COPY","MEMORY_COPY_DEVICE_TO_HOST",0,"Agent 2","Agent 0",1976,695615256972268,695615256981548
"MEMORY_COPY","MEMORY_COPY_HOST_TO_DEVICE",0,"Agent 0","Agent 2",1978,695615256992468,695615256996268
"MEMORY_COPY","MEMORY_COPY_DEVICE_TO_HOST",0,"Agent 2","Agent 0",1984,695615257054589,695615257063869
"MEMORY_COPY","MEMORY_COPY_HOST_TO_DEVICE",0,"Agent 0","Agent 2",1987,695615257113229,695615257119189
"MEMORY_COPY","MEMORY_COPY_HOST_TO_DEVICE",0,"Agent 0","Agent 2",1995,695615257217590,695615257224390
"MEMORY_COPY","MEMORY_COPY_HOST_TO_DEVICE",0,"Agent 0","Agent 2",1996,695615257255111,695615257278671
"MEMORY_COPY","MEMORY_COPY_HOST_TO_DEVICE",0,"Agent 0","Agent 2",1997,695615257312031,695615257325351
"MEMORY_COPY","MEMORY_COPY_DEVICE_TO_HOST",0,"Agent 2","Agent 0",2002,695615257440233,695615257450473
"MEMORY_COPY","MEMORY_COPY_HOST_TO_DEVICE",0,"Agent 0","Agent 2",2004,695615257487913,695615257506553
"MEMORY_COPY","MEMORY_COPY_HOST_TO_DEVICE",0,"Agent 0","Agent 2",2005,695615257515753,695615257520313
"MEMORY_COPY","MEMORY_COPY_DEVICE_TO_HOST",0,"Agent 2","Agent 0",2010,695615257566114,695615257575554
"MEMORY_COPY","MEMORY_COPY_HOST_TO_DEVICE",0,"Agent 0","Agent 2",2012,695615257747356,695615257757476
"MEMORY_COPY","MEMORY_COPY_HOST_TO_DEVICE",0,"Agent 0","Agent 2",2013,695615257767596,695615257772356
"MEMORY_COPY","MEMORY_COPY_DEVICE_TO_HOST",0,"Agent 2","Agent 0",2018,695615257819036,695615257828397
"MEMORY_COPY","MEMORY_COPY_HOST_TO_DEVICE",0,"Agent 0","Agent 2",2020,695615257986878,695615257997078
"MEMORY_COPY","MEMORY_COPY_HOST_TO_DEVICE",0,"Agent 0","Agent 2",2021,695615258006718,695615258011238
"MEMORY_COPY","MEMORY_COPY_DEVICE_TO_HOST",0,"Agent 2","Agent 0",2026,695615258057599,695615258066919
"MEMORY_COPY","MEMORY_COPY_HOST_TO_DEVICE",0,"Agent 0","Agent 2",2028,695615258227881,695615258238201
"MEMORY_COPY","MEMORY_COPY_HOST_TO_DEVICE",0,"Agent 0","Agent 2",2029,695615258248241,695615258252721
"MEMORY_COPY","MEMORY_COPY_DEVICE_TO_HOST",0,"Agent 2","Agent 0",2034,695615258298641,695615258307882
"MEMORY_COPY","MEMORY_COPY_HOST_TO_DEVICE",0,"Agent 0","Agent 2",2036,695615258468243,695615258475923
"MEMORY_COPY","MEMORY_COPY_DEVICE_TO_HOST",0,"Agent 2","Agent 0",2050,695615258617525,695615258626845
"MEMORY_COPY","MEMORY_COPY_HOST_TO_DEVICE",0,"Agent 0","Agent 2",2052,695615258638165,695615258641925
"MEMORY_COPY","MEMORY_COPY_DEVICE_TO_HOST",0,"Agent 2","Agent 0",2058,695615258699646,695615258709006
"MEMORY_COPY","MEMORY_COPY_HOST_TO_DEVICE",0,"Agent 0","Agent 2",2060,695615258743326,695615258759886
"MEMORY_COPY","MEMORY_COPY_DEVICE_TO_HOST",0,"Agent 2","Agent 0",2066,695615258827407,695615258836727
"MEMORY_COPY","MEMORY_COPY_HOST_TO_DEVICE",0,"Agent 0","Agent 2",2068,695615259027449,695615259037569
"MEMORY_COPY","MEMORY_COPY_DEVICE_TO_HOST",0,"Agent 2","Agent 0",2074,695615259097330,695615259106770
"MEMORY_COPY","MEMORY_COPY_HOST_TO_DEVICE",0,"Agent 0","Agent 2",2077,695615259155730,695615259164770
"MEMORY_COPY","MEMORY_COPY_HOST_TO_DEVICE",0,"Agent 0","Agent 2",2085,695615259254651,695615259261971
"MEMORY_COPY","MEMORY_COPY_HOST_TO_DEVICE",0,"Agent 0","Agent 2",2086,695615259276411,695615259316932
"MEMORY_COPY","MEMORY_COPY_HOST_TO_DEVICE",0,"Agent 0","Agent 2",2087,695615259350692,695615259365452
"MEMORY_COPY","MEMORY_COPY_DEVICE_TO_HOST",0,"Agent 2","Agent 0",2092,695615259473934,695615259484134
"MEMORY_COPY","MEMORY_COPY_HOST_TO_DEVICE",0,"Agent 0","Agent 2",2094,695615259499694,695615259529574
"MEMORY_COPY","MEMORY_COPY_HOST_TO_DEVICE",0,"Agent 0","Agent 2",2095,695615259539774,695615259544414
"MEMORY_COPY","MEMORY_COPY_DEVICE_TO_HOST",0,"Agent 2","Agent 0",2100,695615259590935,695615259600415
"MEMORY_COPY","MEMORY_COPY_HOST_TO_DEVICE",0,"Agent 0","Agent 2",2102,695615259768577,695615259780937
"MEMORY_COPY","MEMORY_COPY_HOST_TO_DEVICE",0,"Agent 0","Agent 2",2103,695615259790577,695615259795057
"MEMORY_COPY","MEMORY_COPY_DEVICE_TO_HOST",0,"Agent 2","Agent 0",2108,695615259841457,695615259850937
"MEMORY_COPY","MEMORY_COPY_HOST_TO_DEVICE",0,"Agent 0","Agent 2",2110,695615260006899,695615260019379
"MEMORY_COPY","MEMORY_COPY_HOST_TO_DEVICE",0,"Agent 0","Agent 2",2111,695615260028979,695615260033419
"MEMORY_COPY","MEMORY_COPY_DEVICE_TO_HOST",0,"Agent 2","Agent 0",2116,695615260080460,695615260089820
"MEMORY_COPY","MEMORY_COPY_HOST_TO_DEVICE",0,"Agent 0","Agent 2",2118,695615260244221,695615260256582
"MEMORY_COPY","MEMORY_COPY_HOST_TO_DEVICE",0,"Agent 0","Agent 2",2119,695615260290182,695615260301302
"MEMORY_COPY","MEMORY_COPY_DEVICE_TO_HOST",0,"Agent 2","Agent 0",2124,695615260352663,695615260362103
"MEMORY_COPY","MEMORY_COPY_HOST_TO_DEVICE",0,"Agent 0","Agent 2",2126,695615260451864,695615260462064
"MEMORY_COPY","MEMORY_COPY_DEVICE_TO_HOST",0,"Agent 2","Agent 0",2140,695615260603145,695615260612545
"MEMORY_COPY","MEMORY_COPY_HOST_TO_DEVICE",0,"Agent 0","Agent 2",2142,695615260624905,695615260628865
"MEMORY_COPY","MEMORY_COPY_DEVICE_TO_HOST",0,"Agent 2","Agent 0",2148,695615260686986,695615260696306
"MEMORY_COPY","MEMORY_COPY_HOST_TO_DEVICE",0,"Agent 0","Agent 2",2150,695615260731226,695615260740867
"MEMORY_COPY","MEMORY_COPY_DEVICE_TO_HOST",0,"Agent 2","Agent 0",2156,695615260805907,695615260815227
"MEMORY_COPY","MEMORY_COPY_HOST_TO_DEVICE",0,"Agent 0","Agent 2",2158,695615260849708,695615260859388
"MEMORY_COPY","MEMORY_COPY_DEVICE_TO_HOST",0,"Agent 2","Agent 0",2164,695615260918988,695615260928348
"MEMORY_COPY","MEMORY_COPY_HOST_TO_DEVICE",0,"Agent 0","Agent 2",2167,695615260978349,695615260984989
"MEMORY_COPY","MEMORY_COPY_HOST_TO_DEVICE",0,"Agent 0","Agent 2",2175,695615261075790,695615261082870
"MEMORY_COPY","MEMORY_COPY_HOST_TO_DEVICE",0,"Agent 0","Agent 2",2176,695615261114670,695615261138471
"MEMORY_COPY","MEMORY_COPY_HOST_TO_DEVICE",0,"Agent 0","Agent 2",2177,695615261172871,695615261186031
"MEMORY_COPY","MEMORY_COPY_DEVICE_TO_HOST",0,"Agent 2","Agent 0",2182,695615261295312,695615261305632
"MEMORY_COPY","MEMORY_COPY_HOST_TO_DEVICE",0,"Agent 0","Agent 2",2184,695615263598056,695615263610016
"MEMORY_COPY","MEMORY_COPY_HOST_TO_DEVICE",0,"Agent 0","Agent 2",2185,695615263622496,695615263627696
"MEMORY_COPY","MEMORY_COPY_DEVICE_TO_HOST",0,"Agent 2","Agent 0",2190,695615263692417,695615263704057
"MEMORY_COPY","MEMORY_COPY_HOST_TO_DEVICE",0,"Agent 0","Agent 2",2192,695615263896059,695615263910979
"MEMORY_COPY","MEMORY_COPY_HOST_TO_DEVICE",0,"Agent 0","Agent 2",2193,695615263923379,695615263928539
"MEMORY_COPY","MEMORY_COPY_DEVICE_TO_HOST",0,"Agent 2","Agent 0",2198,695615263982780,695615263992580
"MEMORY_COPY","MEMORY_COPY_HOST_TO_DEVICE",0,"Agent 0","Agent 2",2200,695615264155542,695615264168222
"MEMORY_COPY","MEMORY_COPY_HOST_TO_DEVICE",0,"Agent 0","Agent 2",2201,695615264178942,695615264183782
"MEMORY_COPY","MEMORY_COPY_DEVICE_TO_HOST",0,"Agent 2","Agent 0",2206,695615264234103,695615264243943
"MEMORY_COPY","MEMORY_COPY_HOST_TO_DEVICE",0,"Agent 0","Agent 2",2208,695615264402024,695615264414504
"MEMORY_COPY","MEMORY_COPY_HOST_TO_DEVICE",0,"Agent 0","Agent 2",2209,695615264425025,695615264429545
"MEMORY_COPY","MEMORY_COPY_DEVICE_TO_HOST",0,"Agent 2","Agent 0",2214,695615264476505,695615264485785
"MEMORY_COPY","MEMORY_COPY_HOST_TO_DEVICE",0,"Agent 0","Agent 2",2216,695615264641467,695615264649107
